date,cefi_stiefel,q_stiefel,cefi_liu2024,q_liu2024,cefi_svd2025,q_svd2025
1991-12-20,1.1358949199234034,1,0.07049637170532849,2,0.6639771768201528,1
1992-01-07,1.2225147804165022,1,0.08343550086074589,2,0.6638791422625834,1
1992-01-21,1.194296462118811,1,0.09130082904309389,2,0.6583550751694338,1
1992-02-04,1.0457862289724442,1,0.08960820245095305,2,0.6402405514338187,1
1992-02-19,1.0431820486962466,1,0.09465541619314119,1,0.6318455293233661,1
1992-03-04,1.033540963262989,1,0.09028293609418278,1,0.6220698897614448,1
1992-03-18,1.055091861630607,1,0.09875138305466577,1,0.6005503852248667,1
1992-04-01,1.0676605720350327,1,0.08735933054093267,2,0.5920514754491586,1
1992-04-15,1.0757271144527552,1,0.08605890811411696,1,0.5910795586048023,1
1992-04-30,1.0565193413578833,1,0.08294657879452311,2,0.5888259568004446,1
1992-05-14,1.0542111085637578,1,0.09175795789469768,1,0.5602830121730332,1
1992-05-29,1.0813351789921182,1,0.08403766243410257,2,0.5698077078409525,1
1992-06-12,1.0773521732090214,1,0.0991325821825107,2,0.5492415215146016,1
1992-06-26,1.0617438185187786,1,0.10564260684848673,2,0.5668564692263824,1
1992-07-13,1.091603410770607,1,0.11602987476598739,2,0.5604047687459104,1
1992-07-27,1.1044176566818655,1,0.12382443217542613,1,0.5589764403277837,1
1992-08-10,1.067056944574362,1,0.11420692982204608,1,0.5676486227248323,1
1992-08-24,1.060177406785906,1,0.09185815689085933,1,0.5508169123575944,1
1992-09-08,1.037553492944305,1,0.09385651136227882,2,0.538666046435975,1
1992-09-22,0.9739707876577455,1,0.12222018487966531,1,0.5493481057778891,1
1992-10-06,0.891051374982858,1,0.123153553725204,1,0.5409933602369655,1
1992-10-20,0.8229084439771742,1,0.10743078465311481,1,0.5206808857544897,1
1992-11-03,0.7634500857672862,1,0.09567885963007743,1,0.506598771534752,1
1992-11-17,0.7318093454551107,1,0.12128930962370583,1,0.528377272404332,1
1992-12-02,0.7163208086149454,1,0.1954591245023386,1,0.5138492417034627,1
1992-12-16,0.7016672271762199,1,0.1809812017524263,1,0.4997673957904988,1
1992-12-31,0.7047463187885129,2,0.1901963679241507,1,0.5023413809083783,1
1993-01-15,0.6881800672149757,2,0.21016038563438433,1,0.48222106884655813,1
1993-01-29,0.6667405475002719,2,0.2305528848113437,1,0.5006847854183684,1
1993-02-12,0.6690762462428623,2,0.20324748611340998,1,0.4983346535154024,1
1993-03-01,0.6934083699010124,2,0.13670654697422663,1,0.5133993932838526,1
1993-03-15,0.7110289015023937,2,0.07900272443513315,1,0.5118927640694767,1
1993-03-29,0.7136540840016236,2,0.07877885730558014,1,0.5328722514617946,1
1993-04-13,0.7042525973501852,2,0.07500881847264206,1,0.5175033393386828,1
1993-04-27,0.6889211884369469,2,0.09260158005024449,1,0.482642778971707,1
1993-05-11,0.6897638457122862,2,0.09419346725439723,1,0.4873734427840045,1
1993-05-25,0.653594018706658,2,0.1089465184829909,1,0.4668383199240661,1
1993-06-09,0.6350540020656453,2,0.09317979565092442,1,0.44951780931299806,1
1993-06-23,0.6348813029636863,2,0.11495398544848703,1,0.438917021927824,1
1993-07-08,0.5815794601205319,2,0.1281789417088558,1,0.43135267189327975,1
1993-07-22,0.5792178483573125,2,0.11851464027832169,1,0.4257098831921152,1
1993-08-05,0.6387070418941174,2,0.08995975854717073,1,0.42699412241473056,1
1993-08-19,0.6205335970066244,2,0.0915499500499667,1,0.4253723078268084,1
1993-09-02,0.626549970867779,2,0.11309589787675738,1,0.41840979079829416,1
1993-09-17,0.6251881833943723,2,0.0901220929005064,1,0.4191098230253652,1
1993-10-01,0.6204200991212432,2,0.07643033745504348,1,0.4129697701429598,1
1993-10-15,0.6303763749413301,2,0.05384574190453327,1,0.4071762826000733,1
1993-10-29,0.6262454629978123,2,0.06234263674196802,1,0.43226502321636956,1
1993-11-12,0.5853861140498062,2,0.052300353530581004,1,0.4529977353039026,1
1993-11-29,0.5881192712410523,2,0.01924769758953497,1,0.4123083136366307,1
1993-12-13,0.6150176062107162,2,0.012073599715056976,1,0.4105213030004441,1
1993-12-28,0.5974756277340769,2,0.023749425886809006,1,0.411961120773761,1
1994-01-11,0.5702252101436742,2,0.008111592236748441,1,0.4077733655951152,1
1994-01-25,0.5601923060693431,2,0.032398590905697314,1,0.4162503822382178,1
1994-02-08,0.5751620383025201,2,0.002188785636416085,27,0.411231127886894,1
1994-02-23,0.5639716359788666,2,0.0013470326181254377,26,0.37161504889120417,1
1994-03-09,0.5621490040157717,2,0.002471300427127718,22,0.3744256977358697,1
1994-03-23,0.5522247448742308,2,0.0030368512998222297,20,0.3576117548255968,1
1994-04-07,0.5372378404669601,2,0.0015320088059841835,27,0.3240044878308429,1
1994-04-21,0.5547384394326605,2,0.003328838671219206,14,0.35342660475000437,1
1994-05-06,0.5490379761363566,2,0.0009443759189057682,28,0.3687551944774117,1
1994-05-20,0.5843858534975424,2,0.0013473477666251649,29,0.41630025168753304,1
1994-06-06,0.5806838946715339,2,0.01830109312351684,2,0.4180833205238935,1
1994-06-20,0.5613640909719015,2,0.0005013433847678855,29,0.407493742885368,1
1994-07-05,0.5567857678799805,2,0.022317226732546103,2,0.39764846767256423,1
1994-07-19,0.5256694670553614,2,0.005601834635466596,2,0.36984380652267745,1
1994-08-02,0.5119040458359745,2,0.019275638419653185,1,0.3842559643093615,1
1994-08-16,0.5146477030491041,2,0.029774276390508392,1,0.3819562636267108,1
1994-08-30,0.4891342246955231,2,0.04439546698490286,1,0.36882927388039277,1
1994-09-14,0.4784089930385434,2,0.05169443146674582,1,0.3649757542800848,1
1994-09-28,0.46392294072233475,2,0.07727910504835257,1,0.36722313233794135,1
1994-10-12,0.4715027344583319,2,0.11408411569393596,1,0.3623884708726865,1
1994-10-26,0.47940041187493954,2,0.10181411970880654,1,0.37052096695229014,1
1994-11-09,0.49168767589190066,2,0.09603696332821433,1,0.37108255364998743,1
1994-11-23,0.5045149909911331,2,0.10503233663851715,1,0.37171981292762885,1
1994-12-08,0.5135105168887063,2,0.10731871292784874,1,0.372366769954913,1
1994-12-22,0.5198970547693585,2,0.08990149616230947,1,0.38228964318414327,1
1995-01-09,0.5052820231348834,2,0.08439044444331793,1,0.37234637191644265,1
1995-01-23,0.5107185040480919,2,0.07394734891414845,1,0.3579376464627211,1
1995-02-06,0.5252603763827116,2,0.0668891083843325,1,0.38037297483160437,1
1995-02-21,0.5289979218666168,2,0.043177423719743716,1,0.39214119643198475,1
1995-03-07,0.5335496207894421,2,0.019344573826374667,5,0.38819455479317216,1
1995-03-21,0.5408939890269028,2,0.012766861319822478,6,0.3964358890018266,1
1995-04-04,0.5315694545650843,2,0.006696177575630888,14,0.38981169312045016,1
1995-04-19,0.5280204874485516,2,0.060369908584622434,1,0.4062804395915042,1
1995-05-03,0.568098245353637,2,0.08032935119707366,1,0.4307208610823129,1
1995-05-17,0.5286951230871959,2,0.11787468457798485,1,0.4262946788047333,1
1995-06-01,0.5360640105018629,2,0.10239799575084052,1,0.4167949472352264,1
1995-06-15,0.45845084022341315,2,0.08010606486232795,1,0.38471977414914693,1
1995-06-29,0.49736568556798694,2,0.11711881800781107,1,0.3798963801767726,1
1995-07-14,0.4934274860367477,2,0.10713774902063494,1,0.4012325872431667,1
1995-07-28,0.5426550975177121,2,0.11924988555043388,1,0.416985036508557,1
1995-08-11,0.5233107801435908,2,0.10722014038932025,1,0.39073448499682983,1
1995-08-25,0.5188540019748401,2,0.10288747766539598,1,0.3945779294672062,1
1995-09-11,0.5145933800520767,2,0.09498519301799083,1,0.3791246649943042,1
1995-09-25,0.5281920331437202,2,0.08032056436415766,1,0.3894791507852594,1
1995-10-09,0.5188835487987131,2,0.03164012018189287,1,0.37106625389539905,1
1995-10-23,0.5327807347379931,2,0.01944988554050718,1,0.3625065924840452,1
1995-11-06,0.5002757473711866,2,0.0023976874057220904,1,0.33918773914914485,1
1995-11-20,0.5140122802602011,2,0.0011195103253043848,22,0.3377349748354777,1
1995-12-05,0.4895570077926773,2,0.0009167822369406248,22,0.3121913328209963,1
1995-12-19,0.5077367628152164,2,0.001198795709706657,22,0.31083426212209697,1
1996-01-04,0.4984707383446836,2,0.0019957264894342464,12,0.30754842779010816,1
1996-01-18,0.51168819113145,2,0.0002505425208751272,28,0.3004052392771348,1
1996-02-01,0.5092543309251656,2,-0.0010597432356244663,29,0.3051793307012367,1
1996-02-15,0.512902020670836,2,-0.0007263264763606725,29,0.2999821390072973,1
1996-03-01,0.5244560318744292,2,-0.0004234898591399666,21,0.308495483397621,1
1996-03-15,0.5197260538628407,2,0.0002550530063242379,28,0.3036876715537852,1
1996-03-29,0.5107040331731827,2,5.901201544422641e-05,27,0.3059107718283309,1
1996-04-15,0.5568051872924893,1,0.0018539207774242034,27,0.32302915909213503,1
1996-04-29,0.5863584671055341,1,0.0011502289436124136,26,0.31839071450704715,1
1996-05-13,0.5774399413130301,1,0.0018494554955743592,25,0.31675901196246303,1
1996-05-28,0.5815349963480839,1,0.0006613250234296791,23,0.32687877445685853,1
1996-06-11,0.5816302144813468,1,-0.0002682772868241451,29,0.309030908684945,1
1996-06-25,0.5650793349779983,1,0.0008462214779233063,25,0.3139028800019664,1
1996-07-10,0.5332518111698458,2,-0.00011994093710597509,28,0.3108904875417633,1
1996-07-24,0.5751039274382369,2,9.635805232195704e-05,29,0.31487578425654333,1
1996-08-07,0.5902050553674028,2,0.0006696229189714908,27,0.3285965207504316,1
1996-08-21,0.597917572926231,2,0.0017107194245818413,23,0.33280201739945997,1
1996-09-05,0.5900642654303776,1,0.002501746032468055,24,0.32903058806301977,1
1996-09-19,0.586595600779239,1,0.001023665891786249,26,0.3317460787700886,1
1996-10-03,0.5741439784043024,2,0.0010154465504769034,26,0.33352100694089093,1
1996-10-17,0.5608169383343626,1,0.001089624292788055,28,0.3284870132346774,1
1996-10-31,0.5649410496636265,2,0.0004006352734323704,28,0.3235149144078538,1
1996-11-14,0.549890659643341,2,0.0007853222551606476,29,0.3060950542876131,1
1996-11-29,0.5088974210111731,2,0.0017974072806991592,23,0.29379723356127885,1
1996-12-13,0.5250408331420889,1,0.00044827728990889937,23,0.3067568257050234,1
1996-12-30,0.5468036616538257,1,0.0013463668459073042,23,0.3030077980998154,1
1997-01-14,0.5391764090858502,2,0.0008001251852153002,29,0.3253003340902789,1
1997-01-28,0.5352949965241572,2,0.0005715573428775739,29,0.317639692077362,1
1997-02-11,0.5447072700330547,2,0.0011746667231238433,14,0.3239013996119423,1
1997-02-26,0.5495248717771861,2,0.0017524891198068548,18,0.3338553300639543,1
1997-03-12,0.5312699064100439,2,0.0027676826754697986,21,0.31621467961192423,1
1997-03-26,0.49208052695361115,2,0.0017096038661404966,23,0.2653517250864239,1
1997-04-10,0.5303939455360624,1,0.0012171677620224364,28,0.28170288371152447,1
1997-04-24,0.6070741758572771,1,0.0006315639517755628,28,0.30349720798016305,1
1997-05-08,0.632385125421244,1,-0.0009631901417010286,25,0.29765103768346635,1
1997-05-22,0.6103954426597418,1,0.00020279994568231374,29,0.2798548830547943,1
1997-06-06,0.6246621929120739,1,0.0006365167647413156,29,0.3071909294002341,1
1997-06-20,0.6039068055366453,1,0.0017899292813947365,21,0.31580840967344664,1
1997-07-07,0.5723556566050628,2,0.0014010610202795093,27,0.31724808719056424,1
1997-07-21,0.5701881536558289,2,0.00181086603352483,28,0.31115138929543434,1
1997-08-04,0.5664247064219211,2,0.0015391617626403925,28,0.3164693226943678,1
1997-08-18,0.5863914492172491,2,0.0008160200335217693,28,0.3328188392562214,1
1997-09-02,0.5758367725684964,2,0.001100735347377202,20,0.3157652745902772,1
1997-09-16,0.6047360166810298,2,0.0008657842731604609,28,0.32101749551211356,1
1997-09-30,0.6063033590751226,2,0.0013248597838640408,27,0.3300248515109857,1
1997-10-14,0.5785745015151473,2,0.0005706705585259986,29,0.3225922912298619,1
1997-10-28,0.7295242739860843,1,0.0008948172782010655,29,0.35968869805657155,1
1997-11-11,0.7141619724493754,1,0.0014640827194124795,20,0.34818213337307025,1
1997-11-25,0.7284637457204646,1,0.0007648781653422088,25,0.3627265103747681,1
1997-12-10,0.7292478488406587,1,-0.0012490578638171684,23,0.37365785230317855,1
1997-12-24,0.7340499816320624,1,0.0006216703328749407,19,0.364136148113815,1
1998-01-09,0.7399831102288745,1,0.0008568766368583502,20,0.3664423542469163,1
1998-01-26,0.7369745276347199,1,-0.0002906283713078467,28,0.39812956484866674,1
1998-02-09,0.7620016695962564,1,-0.0013515842529789879,25,0.3837691191405696,1
1998-02-24,0.7275526411298525,1,-0.0007599107082061629,25,0.3770228038350812,1
1998-03-10,0.661539750295791,1,0.0002504052292001402,28,0.33812518131412755,1
1998-03-24,0.6844191807094062,2,0.0013579148538429425,28,0.385197229761305,1
1998-04-07,0.6484152994918394,2,0.00023364711447347586,28,0.34944606989291804,1
1998-04-22,0.6183863966125166,2,0.0002901053184433955,29,0.35837344987908365,1
1998-05-06,0.6642073732858438,2,-0.0006777730319376812,29,0.36412132017170845,1
1998-05-20,0.6547811402667681,2,-0.0002040382847507266,28,0.35664240596279206,1
1998-06-04,0.6240052204979519,1,-0.0016061974558606168,24,0.35631858007755335,1
1998-06-18,0.6292590176885299,1,-0.0010983237719970895,29,0.32916468596679826,1
1998-07-02,0.6374230370876178,2,0.0005537101532004374,28,0.3614407913671781,1
1998-07-17,0.6096747751866683,2,0.0009125895058437472,29,0.3425129849814561,1
1998-07-31,0.6632140326652634,1,-0.0006245925883826275,28,0.35181538174228877,1
1998-08-14,0.722996983877734,1,-7.156427050956926e-05,29,0.3662663932597015,1
1998-08-28,0.8311501470307288,1,-0.001674159816959661,28,0.34259196859707863,1
1998-09-14,0.8769324836169987,1,-0.0016128062510566837,27,0.33887632997887074,1
1998-09-28,0.8896861414338142,1,0.0012634128296349911,29,0.3732290406338387,1
1998-10-12,1.0209709740301571,1,-0.0010806472308391435,29,0.4850083067870711,1
1998-10-26,0.9116818171157822,1,0.00011444414383318668,22,0.396810572330099,1
1998-11-09,0.8952940642214815,1,-0.0013192546504384173,24,0.4099231730265278,1
1998-11-23,0.8889116770637084,1,0.0008149620286681258,24,0.45065484555889757,1
1998-12-08,0.7737377326943364,1,0.001309383391484814,28,0.4318989604324933,1
1998-12-22,0.7758707186717955,1,0.0010758722404742849,26,0.42092504614219994,1
1999-01-07,0.7858092106229716,1,0.0008117895423220001,26,0.42372443285525674,1
1999-01-22,0.7616189111920291,2,0.0012540953372239816,25,0.43053525036868134,1
1999-02-05,0.7789301558787576,2,0.003292921061408577,26,0.4495442640858149,1
1999-02-22,0.7766954251436711,1,0.0019163964568516545,27,0.4477777622418032,1
1999-03-08,0.7584992243344966,2,0.004508335420764176,26,0.4313826611527072,1
1999-03-22,0.747925794753497,2,0.0025706656937544703,25,0.41257362306067114,1
1999-04-06,0.7336936600635985,1,0.002003146610454337,27,0.39995021895991384,1
1999-04-20,0.7370228184875437,1,0.0010519905003244512,26,0.3489248843145101,1
1999-05-04,0.7049975991890608,1,0.0007393338553924322,29,0.32910314270612495,1
1999-05-18,0.6846062880038242,1,0.0005784645921873555,29,0.327273032949319,1
1999-06-02,0.6901036483134988,1,0.00032108727018856364,29,0.3275264571430652,1
1999-06-16,0.6458000767099815,1,-0.0008180990395658116,29,0.349820997493957,1
1999-06-30,0.6646269677369814,2,-0.001517169162681603,28,0.359844920458282,1
1999-07-15,0.6264966822024081,1,0.00039884521516309057,29,0.342979956942761,1
1999-07-29,0.6235045125955453,1,0.00025422753600137793,29,0.33881897638382974,1
1999-08-12,0.6673130367367706,2,0.0006969097217914971,29,0.3580098910920455,1
1999-08-26,0.6545576997187499,2,0.0011296204640905555,29,0.3638174397223316,1
1999-09-10,0.6697683283578085,2,1.1481010471103836e-05,28,0.35983124016549006,1
1999-09-24,0.6550922512514928,2,0.0002672711637932146,28,0.3555946981834095,1
1999-10-08,0.6382213153775977,2,0.00018119069627474393,27,0.3521045733281738,1
1999-10-22,0.6451714812252554,2,-0.000265460647303678,29,0.3833388444713163,1
1999-11-05,0.6551166899605625,2,0.0006430228464726073,26,0.3912536465379992,1
1999-11-19,0.6684719989079766,2,0.0003795393826506316,26,0.3941073606696541,1
1999-12-06,0.6153865757744873,2,0.0006592351476441966,28,0.3733162663452476,1
1999-12-20,0.6111055849862258,2,8.472171155185504e-05,29,0.353581518789561,1
2000-01-04,0.5852439242247106,2,-0.00024101585383426438,24,0.32644796464325776,1
2000-01-19,0.5736154411177372,1,-0.00027625509109958923,25,0.3299471469337963,1
2000-02-02,0.5742682829108099,2,-6.702398118314801e-05,29,0.3478347719381426,1
2000-02-16,0.6120130706988482,2,0.0005649405108020533,28,0.3705289599005872,1
2000-03-02,0.5630850941094068,2,0.001370532257460283,28,0.3473418021085245,1
2000-03-16,0.5783867137172837,2,0.0017462950823711049,27,0.3328717570280407,1
2000-03-30,0.5853267000974769,2,0.0008085518735904823,29,0.35851882142708524,1
2000-04-13,0.5581755373564142,2,0.0007920295280481326,28,0.35405182517684064,1
2000-04-28,0.568571762310255,2,6.464549773976813e-05,29,0.3466725401114223,1
2000-05-12,0.5489290261489037,2,-0.0007762772921245803,29,0.3278068896553116,1
2000-05-26,0.5384445394895192,2,-0.0003009588611654068,29,0.31177081666169215,1
2000-06-12,0.534904384131099,2,-0.0014028435939648504,29,0.319930463667882,1
2000-06-26,0.5538495055987273,2,0.000804679767794636,29,0.3408512979323839,1
2000-07-11,0.5436165247475155,2,0.0010351048121028938,28,0.31943269153497794,1
2000-07-25,0.5364503800478223,2,0.0001279212498076221,27,0.3223395450198274,1
2000-08-08,0.5164185036758037,2,-0.0006103074669867037,29,0.32182351112017094,1
2000-08-22,0.5217474129816457,2,0.00027369500300619687,29,0.3194770282771514,1
2000-09-06,0.48599837093289555,2,-0.0004167722785199113,29,0.3046634421665617,1
2000-09-20,0.46769103444523347,2,-9.115055132452587e-05,28,0.29713882376217216,1
2000-10-04,0.4166207624036185,2,0.00010719587542348807,29,0.2968517712327802,1
2000-10-18,0.390802816339544,2,-0.00011219548709642813,28,0.29550657734945585,1
2000-11-01,0.4527153198392858,2,-0.000585258489732482,29,0.2904567469856455,1
2000-11-15,0.43621200039614283,2,0.0002449444432596204,29,0.2875275044898312,1
2000-11-30,0.4093267008978444,2,-0.00014278410320354984,26,0.2826851961450186,1
2000-12-14,0.44474773285210517,2,-0.000529046307142178,26,0.28323476255082003,1
2000-12-29,0.41844738963715417,2,0.0005385303018012183,25,0.2717963229166506,1
2001-01-16,0.45525018013610596,2,0.0008340576977881597,25,0.2873834898784849,1
2001-01-30,0.45138163399989634,2,-0.00040873322098367026,29,0.27688722352473594,1
2001-02-13,0.41179348619268147,2,0.001513821849043806,2,0.2700731792499784,1
2001-02-28,0.43220696019044147,2,0.0008879309046386369,22,0.26915545826839926,1
2001-03-14,0.4389418309767015,2,9.668966864509465e-05,29,0.27082906919659944,1
2001-03-28,0.4159006454283553,2,-0.00010068165064373857,29,0.2502974880473146,1
2001-04-11,0.39732764210323057,2,0.0009635718587093084,29,0.2487378046308808,1
2001-04-26,0.43278508763841855,2,0.0009625346138598251,23,0.2663551174164656,1
2001-05-10,0.4423331103971484,2,0.0015895724737351874,23,0.2826063433638231,1
2001-05-24,0.44237643897101286,2,0.0017586767228906508,28,0.28712871510285587,1
2001-06-08,0.44499085433495,2,0.0003745158814171534,29,0.291850250217608,1
2001-06-22,0.45687056879942345,2,0.0017286504209186593,23,0.2868373238698932,1
2001-07-09,0.46797882597556795,2,0.001377380621534835,23,0.2859853559479819,1
2001-07-23,0.45258509533652913,2,0.026043840225942264,1,0.30131442697229577,1
2001-08-06,0.4542705239730326,2,0.020038258929111513,1,0.29358451261111923,1
2001-08-20,0.47127524096388695,2,0.0010736475963592923,22,0.29346383520359626,1
2001-09-04,0.4538327743441185,2,0.0006417937593704293,23,0.30078295758980733,1
2001-09-24,0.47726849322226517,2,-0.0002232478074716826,21,0.30670417543113254,1
2001-10-08,0.47041250382195404,2,0.0012350137542703893,26,0.31340525423673943,1
2001-10-22,0.47653321263653026,2,0.0009384154037155729,26,0.30818521512062885,1
2001-11-05,0.4495542261844596,2,0.01695955298234121,1,0.30127593494200233,1
2001-11-19,0.47527797486257245,2,0.0013322127084946928,26,0.2950810710890998,1
2001-12-04,0.48941141410355476,2,0.0022339806967823367,25,0.29700501711634314,1
2001-12-18,0.49029062991081507,2,0.0037271374857386214,1,0.29871384083243324,1
2002-01-03,0.4983436472652707,2,0.0037130869332189925,25,0.2967389287272496,1
2002-01-17,0.46930433015846423,2,0.022350803000048852,1,0.3016757887928365,1
2002-02-01,0.4827940200503376,2,0.00012900850253917684,29,0.2968871536764421,1
2002-02-15,0.5038917442954148,2,0.001955070896551045,22,0.27171902302278295,1
2002-03-04,0.5603352361733844,2,0.001749228611838724,27,0.32059050718842863,1
2002-03-18,0.5610924684172738,2,0.0020916671994781755,22,0.3247826889533881,1
2002-04-02,0.5678536144894777,2,0.0030102634716772797,21,0.3474360679970075,1
2002-04-16,0.5914066338373447,2,0.000827814993210288,27,0.344553881003184,1
2002-04-30,0.5473476408451946,2,0.0007835906951172283,27,0.3295741004370449,1
2002-05-14,0.588991860331744,2,0.001372151568061239,27,0.3669714538242575,1
2002-05-29,0.5952831960654797,2,0.0001489118994359856,29,0.3640150994915375,1
2002-06-12,0.598810209547114,2,-0.0006059070480301798,29,0.3684356805520951,1
2002-06-26,0.5913434407208313,2,0.000301227875857929,29,0.3703366342259446,1
2002-07-11,0.6347732007260816,2,0.0002457129609481218,28,0.37711275135980094,1
2002-07-25,0.6156951440923777,2,0.0014634724745915262,26,0.37136221004065584,1
2002-08-08,0.6547389451696939,2,0.0019404311745936098,27,0.39607904764697743,1
2002-08-22,0.6360965496020247,2,0.002952887432514442,26,0.3678097809265173,1
2002-09-06,0.6650798623733797,2,0.0014752983803765773,29,0.3845976946643903,1
2002-09-20,0.6972325092699885,2,0.0009824202623328615,25,0.41876378985548723,1
2002-10-04,0.6934340176101429,2,0.0008620052324062877,25,0.39977753214512113,1
2002-10-18,0.674005135279288,2,0.0004898155597385795,24,0.38029192653839644,1
2002-11-01,0.6502601155600952,2,0.0015765787791721941,25,0.354412617021164,1
2002-11-15,0.697915935958103,2,0.003807632632957886,23,0.37921316821344103,1
2002-12-02,0.6938426991099955,2,0.005364750144006336,22,0.3752409205908291,1
2002-12-16,0.6853123003503051,2,0.0036364734171800417,21,0.3712368543625039,1
2002-12-31,0.7238198149846953,2,0.003994963163598708,20,0.40073010189257163,1
2003-01-15,0.684023594901065,2,0.001108412228823269,25,0.3695200993686555,1
2003-01-30,0.7006351808081127,2,0.0022382424160419523,25,0.37363226341182487,1
2003-02-13,0.7098031001772115,2,0.0020572855038371862,28,0.37117862498534104,1
2003-02-28,0.7167310794991905,2,0.0024360484984269626,24,0.36683206312333483,1
2003-03-14,0.6746333577145148,1,0.0025869097239488437,24,0.34110434461621464,1
2003-03-28,0.6734900731084869,2,0.0017085515791664396,25,0.34072372940155904,1
2003-04-11,0.6693649336132628,2,0.0017600230142845452,25,0.35464260928194347,1
2003-04-28,0.6822872429353127,2,0.0030689149276137417,25,0.365065269420501,1
2003-05-12,0.6866443542406643,2,0.003324960384913811,25,0.3550176711562151,1
2003-05-27,0.6704856835937809,2,0.0036162352313119095,24,0.3644539426903993,1
2003-06-10,0.711517205566937,2,0.003175672020833825,23,0.38960344636861366,1
2003-06-24,0.7068384237432679,2,0.0035167584167243027,24,0.3931258116947244,1
2003-07-09,0.7297642163377591,2,0.004104451441188567,27,0.41198068580044994,1
2003-07-23,0.7519049222335579,2,0.0017491714176068318,24,0.43429352277491645,1
2003-08-06,0.7853660635668666,2,0.003063599664799188,25,0.44451166783152785,1
2003-08-20,0.8006524792285129,2,0.003387751986892701,25,0.44401989066486064,1
2003-09-04,0.8080899018253935,2,0.0019896010677329934,25,0.4499796213717676,1
2003-09-18,0.7855023968901597,2,0.0005922738531448923,26,0.4394228843942355,1
2003-10-02,0.7822334127279533,2,0.001533298195651317,26,0.4321368568176016,1
2003-10-16,0.8093769166926726,2,6.537989420773993e-05,29,0.4451882928187716,1
2003-10-30,0.8031828901937755,2,-0.00023291869514149854,26,0.44608632033672524,1
2003-11-13,0.7909080640992259,2,3.472958506858803e-05,26,0.43072930448140245,1
2003-11-28,0.8080081541628709,2,0.001422323330618147,25,0.4459967787748381,1
2003-12-12,0.7800239118634588,2,0.0025673470369479423,27,0.4370541808813695,1
2003-12-29,0.7887006948163496,2,0.0022660858971923215,27,0.4346437918586188,1
2004-01-13,0.7967866207206444,2,0.0018997553193972339,23,0.43855330939114656,1
2004-01-28,0.801281374713107,2,0.0017733894307866704,27,0.43421456305849426,1
2004-02-11,0.8228208453158541,2,0.0019155393234208118,24,0.4552908527729158,1
2004-02-26,0.8051877401154114,2,0.0012807592369395993,24,0.43723533558458494,1
2004-03-11,0.7789734981021625,2,0.001483057335563115,24,0.411968855328265,1
2004-03-25,0.7952827275048977,2,0.002387682893111004,25,0.4165656659793695,1
2004-04-08,0.7808782169217946,2,0.002173973593298184,27,0.4113251831407508,1
2004-04-23,0.7819652989048701,2,0.0018109430910614732,28,0.4137739047410078,1
2004-05-07,0.8107030741588866,2,0.0001726376706480126,23,0.42769735502136036,1
2004-05-21,0.819836182509292,2,-0.0001390204145106655,28,0.4231712065234746,1
2004-06-07,0.7916420563980928,2,-4.758909821131474e-05,29,0.40817065149420223,1
2004-06-22,0.8557470589411738,2,4.960570613984916e-05,29,0.4641439143717109,1
2004-07-07,0.8924968282788498,2,-0.0030714886133702546,29,0.50619706914995,1
2004-07-21,0.8798389082643164,2,-0.0010207881039365208,28,0.4776030536540885,1
2004-08-04,0.8343375951906042,2,-0.0003324191047071601,29,0.44691021736944136,1
2004-08-18,0.852397070334791,2,0.0005755536988347465,29,0.4709106427089459,1
2004-09-01,0.896604986982821,2,-0.0008507516600005094,29,0.5192604530045632,1
2004-09-16,0.8850430123003694,2,0.001256087481234791,29,0.5035806216277554,1
2004-09-30,0.8507122942278939,2,0.00032902942241017086,29,0.4837343058690473,1
2004-10-14,0.7387831734123358,2,0.0023576352843491244,24,0.4081045885630658,1
2004-10-28,0.7126909648198759,2,0.002508662635506753,27,0.3698232644055325,1
2004-11-11,0.7007284841324848,2,0.0012585547535575725,28,0.35450314586499243,1
2004-11-26,0.7098844681732561,2,8.073608987516079e-05,26,0.3729958707632043,1
2004-12-10,0.7014653051726332,2,0.0003974195460843266,29,0.3636521258715441,1
2004-12-27,0.7422293053146282,2,0.0006280905607110865,29,0.3996221134782717,1
2005-01-10,0.7205607895525618,2,0.0007685795713375243,28,0.3916025488527505,1
2005-01-25,0.7527368566834889,2,0.00040034562154542264,25,0.4240350677156325,1
2005-02-08,0.7391294766656283,2,0.0003788201824330151,29,0.402037452457637,1
2005-02-23,0.7385518351463404,2,-0.00010829391061897842,29,0.40315829974533357,1
2005-03-09,0.7366191179577872,2,-0.0009207558564190976,29,0.40065698735937055,1
2005-03-23,0.6865660789157485,2,-0.003216423476272587,29,0.3629919399318064,1
2005-04-07,0.662984656641302,2,-0.00024254221813417576,29,0.36582200925242536,1
2005-04-21,0.6524398975736161,2,0.00017364959952090309,29,0.32026572778332957,1
2005-05-05,0.6405825537448944,2,-0.0006604230894256685,29,0.32853883820958946,1
2005-05-19,0.6413533406639716,2,-0.0005188671180884341,28,0.31208748106294876,1
2005-06-03,0.6465598336392293,2,3.314507337577599e-05,29,0.3305848985184777,1
2005-06-17,0.6479644008603239,2,-0.00010366622804845738,29,0.33708233108248703,1
2005-07-01,0.6363208436439476,2,0.0008086641418996732,27,0.32419656603588626,1
2005-07-18,0.6951134272401366,1,0.0011337364605263078,23,0.31874211264559904,1
2005-08-01,0.6743064819249568,1,0.0009386877662407728,24,0.32506744410713945,1
2005-08-15,0.6622618587654582,1,0.00355421852584506,26,0.32798482244399624,1
2005-08-29,0.7027306204045907,1,0.0034777542399376804,27,0.31988491366682525,1
2005-09-13,0.6753271786847727,1,0.0034674768945139878,27,0.33241592117715496,1
2005-09-27,0.7909024455584255,1,0.002273604277770125,26,0.3425270885944183,1
2005-10-11,0.7911372293299664,1,0.002141604944946557,24,0.35960520883989955,1
2005-10-25,0.7292189664733025,1,0.002583298493960634,25,0.3634866889472589,1
2005-11-08,0.7202587337691931,1,0.0011319679070948274,27,0.31948309219585813,1
2005-11-22,0.8320131425088098,1,7.936153890561459e-05,28,0.33811721190621147,1
2005-12-07,0.8071641661672775,1,-0.00020874494534445232,27,0.3154698982281795,1
2005-12-21,0.8267396975061536,1,0.00038313210763921135,29,0.33423063372002126,1
2006-01-06,0.8394731644655553,1,0.0001802965009638502,29,0.34521072386847806,1
2006-01-23,0.798111720553523,1,-0.0010663818141914694,29,0.37312951479760004,1
2006-02-06,0.8190562439588361,1,0.0001350481869575315,29,0.3626391786836587,1
2006-02-21,0.8612991396770829,1,0.0010640246969274292,28,0.40470057951767824,1
2006-03-07,0.8289929322782946,1,-0.0006719909260709811,27,0.40214245171929186,1
2006-03-21,0.7755437017300165,1,-0.00025226355895444086,27,0.38999984091420936,1
2006-04-04,0.7645883833131945,1,0.0018623583492975437,28,0.3680125329837851,1
2006-04-19,0.741333200089518,1,0.000221302609239582,29,0.3232837147391907,1
2006-05-03,0.6570618493534109,1,0.0007841710538752378,29,0.3193890636959763,1
2006-05-17,0.6399669870982727,1,0.0010591919841440034,27,0.3228568344565527,1
2006-06-01,0.7010002095436424,1,0.0013988747554231906,28,0.3422723762961203,1
2006-06-15,0.7771403277452247,1,0.0011498607202329592,27,0.3668080144070912,1
2006-06-29,0.7041414369514843,2,0.000488549507826036,25,0.3720760800044603,1
2006-07-14,0.7813656649185938,1,0.0012566652244345444,22,0.3917488117207969,1
2006-07-28,0.8563791843930417,1,0.0004786976475315563,29,0.39889259839193825,1
2006-08-11,0.7744992563413188,1,-0.0010903813474756885,27,0.3792423131874613,1
2006-08-25,0.7642310970775938,1,-0.0002565652699038634,21,0.36503479470146416,1
2006-09-11,0.7609404065013452,1,0.0005034863313843896,28,0.36845464406363426,1
2006-09-25,0.7413150784766739,2,0.002339406177567005,26,0.3870946541232242,1
2006-10-09,0.7600534440964039,1,0.0028528965973431686,24,0.4053306961321139,1
2006-10-23,0.728699482841912,2,0.001375840962481889,23,0.3911076432936698,1
2006-11-06,0.7763068393039623,2,0.0002853954770759559,21,0.4262848834611255,1
2006-11-20,0.7889280292201343,2,0.0009713560965160795,25,0.4408672558543929,1
2006-12-05,0.77494469308632,2,0.0011586582534467427,28,0.42248678570264797,1
2006-12-19,0.7628515143439936,2,0.0004112348884045547,29,0.41729365626253473,1
2007-01-05,0.7551079879377625,2,0.00172496709832623,24,0.42192826970813724,1
2007-01-22,0.7493086523788484,2,0.0033135583047356476,25,0.40434291901027053,1
2007-02-05,0.7755928109159433,2,0.0016169681542438363,22,0.4273108621139533,1
2007-02-20,0.7661104503029934,2,0.0021214679455480445,28,0.4290864107878099,1
2007-03-06,0.7604415505129563,2,0.0025876233529711357,27,0.4116920515411263,1
2007-03-20,0.7633293842915692,2,0.0033837101375554235,25,0.40884542864436724,1
2007-04-03,0.7673055371828048,2,0.003345411040238222,20,0.4172850049389756,1
2007-04-18,0.7715158485836616,2,0.0030779923848753277,16,0.42439966456445355,1
2007-05-02,0.7779444760720107,1,9.627448632643087e-06,27,0.4019739494366249,1
2007-05-16,0.8140985375114402,1,-0.0007118206357970003,28,0.37293670495235426,1
2007-05-31,0.8098763964604754,1,-7.736877737030134e-05,27,0.37724543841676667,1
2007-06-14,0.8399351033746298,1,-0.00015167255122738865,28,0.42943052506006196,1
2007-06-28,0.8499498021453428,1,2.803844428519997e-05,28,0.4332565256150146,1
2007-07-13,0.8344706900747191,1,0.00023504205029331593,29,0.4402714560169456,1
2007-07-27,0.814937391520795,2,0.0007777942010341043,25,0.45569929775804807,1
2007-08-10,0.8048292112888221,1,-0.0009361344571617303,28,0.4355852472337304,1
2007-08-24,0.7903045435787911,2,-0.0015447319241999602,29,0.42488419964513024,1
2007-09-10,0.7912208045706071,2,-4.191539036166314e-05,28,0.42225759712230143,1
2007-09-24,0.7927723794462072,2,-0.00013542312559611247,29,0.41935746411687447,1
2007-10-08,0.818424611811182,2,-9.57793296899323e-05,29,0.4322447451086645,1
2007-10-22,0.7989936192261364,2,0.0008667175251574066,27,0.4172322709823316,1
2007-11-05,0.7854325086744093,2,0.002968310693729992,25,0.4016546742377825,1
2007-11-19,0.8140023527569924,1,0.0015343426804149685,29,0.39620460544749925,1
2007-12-04,0.8117334373218315,1,0.00013826172029088313,29,0.39060639289606425,1
2007-12-18,0.8843096685401493,1,0.0003950966177493631,25,0.4255617359048733,1
2008-01-03,0.9555427494031269,1,-0.0007305621879266089,29,0.42667911031607786,1
2008-01-17,0.7837525308306539,2,0.0011864755685081774,20,0.4182195839299695,1
2008-02-01,0.8802028011692952,2,-0.00021269413113386704,23,0.49175659674990124,1
2008-02-15,0.8638199508076492,2,-0.0002692017667353386,22,0.47319889920030755,1
2008-03-03,0.8299540061359857,2,-0.0009776465708592474,28,0.44428345358515,1
2008-03-17,0.8528611038583366,2,0.00039600387088334355,23,0.4541553390782459,1
2008-04-01,0.867200236568455,2,-0.00017173496781386355,25,0.43971617807714314,1
2008-04-15,0.8734194772926922,2,0.002354792834613678,24,0.45240626071710915,1
2008-04-29,0.8390562119267057,2,-0.003614814085984852,29,0.42435603720106985,1
2008-05-13,0.8386561045797017,2,-0.0002123503739899224,29,0.4149332557755959,1
2008-05-28,0.833593937247146,2,0.0009724231051493615,29,0.41630559743053547,1
2008-06-11,0.8113957632109962,2,-0.0009691943743591336,24,0.4187234937671544,1
2008-06-25,0.8429498584555201,2,-0.0034441511433852268,24,0.42806149533915394,1
2008-07-10,0.8432010334773431,2,-0.0008132403906353225,29,0.41505195187438504,1
2008-07-24,0.8599536856878293,2,-0.0010093448525781978,29,0.46006370169231076,1
2008-08-07,0.8839101303140626,2,-9.980855895019847e-05,28,0.4738443390588891,1
2008-08-21,0.8650495012713824,2,-0.0005674782702812242,28,0.4689710892955426,1
2008-09-05,0.8539513122173951,2,-0.00014160870629637,29,0.4605898433917335,1
2008-09-19,0.9651556780884687,1,0.0007168571733153495,26,0.4770712048403477,1
2008-10-03,1.0286174128386805,1,0.0009874334165292098,18,0.5277406852687624,1
2008-10-17,1.5187540335929937,1,-0.0011108283628230575,26,0.5318135354580689,1
2008-10-31,1.67108350698529,1,0.0028104822223145587,26,0.6165370439310793,1
2008-11-14,1.7934035663321701,1,0.008887173880532229,23,0.65944327953324,1
2008-12-01,1.8648618836910034,1,0.008440515644353885,26,0.6567479734319495,1
2008-12-15,1.9178919559339973,1,0.009067038794768612,18,0.724968807503533,1
2008-12-30,1.8565576423117232,1,0.003989037932940975,24,0.7079520540980002,1
2009-01-14,1.8766389052590604,1,0.007417257967676338,25,0.718883794784127,1
2009-01-29,1.7747300253435458,1,0.0053061038839565255,21,0.7159775761138107,1
2009-02-12,1.782735039476687,1,0.0015837528153663238,29,0.736828247042908,1
2009-02-27,1.794606794037462,1,0.006214820223547468,18,0.7071264125930248,1
2009-03-13,1.5333712731784246,1,0.007386886748163679,21,0.6390165515028197,1
2009-03-27,1.4506511126089894,1,0.006899256831492784,23,0.6217186773855372,1
2009-04-13,1.436656662769722,1,0.012972746094547516,21,0.6114615081312883,1
2009-04-27,1.4399916439139429,1,0.012567628830595423,24,0.6448298466902478,1
2009-05-11,1.4454185952141028,1,0.0112162886101419,23,0.6726577973294283,1
2009-05-26,1.426157885077803,1,0.01143197221989145,23,0.694779117654025,1
2009-06-09,1.4427090983870217,1,0.01347231107247071,23,0.6914142846498044,1
2009-06-23,1.439068694379622,1,0.011906549166756153,20,0.6947779284833662,1
2009-07-08,1.3825874233162576,1,0.015698461428714228,20,0.6793669561848912,1
2009-07-22,1.3618933249373164,1,0.011395865005824346,23,0.6862877655649882,1
2009-08-05,1.3832647432194123,1,0.00807880817843154,24,0.6909095136938246,1
2009-08-19,1.3611263089542358,1,0.006647146729493458,20,0.6900329297161722,1
2009-09-02,1.3635797297453207,1,0.0067274471630752175,26,0.6752364626209693,1
2009-09-17,1.3477171825988108,1,0.005782984030838212,23,0.6676370006231522,1
2009-10-01,1.333591266398254,1,0.0063089104875236335,20,0.6547250618543856,1
2009-10-15,1.3317198992321968,1,0.006740954268845023,21,0.6531018445977315,1
2009-10-29,1.358870796750751,1,0.004858471310347334,26,0.6347770143723114,1
2009-11-12,1.343985251763052,1,0.007145461795319719,20,0.6332308632010002,1
2009-11-27,1.3495161619766622,1,0.006358365999540705,21,0.6478784003911926,1
2009-12-11,1.3595511332997308,1,0.008957965199544393,22,0.6397512613994647,1
2009-12-28,1.3667958189373548,1,0.00933179515939081,20,0.6499083165340311,1
2010-01-12,1.3578861164097136,1,0.011798860610386042,20,0.6553688698836491,1
2010-01-27,1.357751657000217,1,0.013661453507506138,20,0.6584906265430213,1
2010-02-10,1.322207516589567,1,0.013748859278823689,20,0.6558742260389638,1
2010-02-25,1.323107286967134,1,0.013077003647622265,21,0.6715571835633067,1
2010-03-11,1.3635910142334067,1,0.010517693139636686,19,0.6714013441476785,1
2010-03-25,1.3646743318768622,1,0.011641800349390385,20,0.6622677676477522,1
2010-04-09,1.3613768616291129,1,0.012144781382595726,19,0.6759904075267678,1
2010-04-23,1.3551902676366134,1,0.00971299896469846,19,0.6494500215630548,1
2010-05-07,1.3755619728211126,1,0.003027269829199486,22,0.6514435643469672,1
2010-05-21,1.36350967755297,1,0.0036239881238053773,19,0.652652042177279,1
2010-06-07,1.3586369777447533,1,0.0068753407135704325,21,0.6537468419767589,1
2010-06-21,1.3752319771097226,1,0.004365476020825765,22,0.6215475061465277,1
2010-07-06,1.363569700850101,1,0.007377080724987328,22,0.6140389977754288,1
2010-07-20,1.428680437212356,1,0.004951632491578928,20,0.6114165097939332,1
2010-08-03,1.4354815081770034,1,0.0053571555100871415,21,0.5993157083489615,1
2010-08-17,1.4256664822005458,1,0.006010047078886915,22,0.5910170302962166,1
2010-08-31,1.407347225113745,1,0.006421945698700249,26,0.6324775034292747,1
2010-09-15,1.5288725029657444,1,0.006385145499439193,26,0.6257939069885339,1
2010-09-29,1.5982157144190434,1,0.007065195144886183,26,0.6432932027167841,1
2010-10-13,1.3628679597018512,1,-0.0029207838577624545,28,0.619117853486633,1
2010-10-27,1.321511822122778,1,-0.00604108689459365,28,0.6685906362740031,1
2010-11-10,1.3219332767052947,1,0.0007939723027091672,29,0.621635572358037,1
2010-11-24,1.2250210026573245,1,0.006852321351295043,24,0.5626909957724215,1
2010-12-09,1.292188196335745,1,0.007036331401559293,26,0.6426684903779581,1
2010-12-23,1.3364493532959785,1,0.002952127137275634,25,0.5847927389303698,1
2011-01-07,1.3094052549482937,1,0.00451573705579722,26,0.548156568486085,1
2011-01-24,1.2988553317818532,1,0.003400841820818068,28,0.5357163517357264,1
2011-02-07,1.3051675448456166,1,0.0032003730348257875,29,0.5712345476667825,1
2011-02-22,1.2085471357731088,1,0.003479953832720678,28,0.5670730711031199,1
2011-03-08,1.2409933559195956,1,0.0015499636168894992,29,0.47816341131666906,1
2011-03-22,1.1938842090563289,1,0.00040757441259947624,29,0.5071168383959092,1
2011-04-05,1.106951847565698,1,-0.0005415662833409829,29,0.47077187622381833,1
2011-04-19,1.0200857865290809,1,0.0027156840143613137,25,0.40747425547400085,1
2011-05-04,1.0875318597304977,1,0.0037179376037297374,25,0.4506591665647145,1
2011-05-18,1.0996951147548941,1,-0.0006990788685278526,20,0.4471017031706021,1
2011-06-02,1.1142224802780434,1,0.005064404968148167,18,0.4151606339669207,1
2011-06-16,1.074802172902888,1,0.0009969613305174652,28,0.39925951665919396,1
2011-06-30,1.0531555856277675,1,0.0013345323171966017,23,0.43519401646786127,1
2011-07-15,1.1128780787762909,1,0.0014214490862382578,28,0.45916592811747703,1
2011-07-29,1.1439699616327534,1,0.00024770421473055415,29,0.46668257998671114,1
2011-08-12,1.0494492199831886,2,-0.003359621056229195,29,0.5362683055659204,1
2011-08-26,1.0615590642396553,2,0.0012352042668170304,29,0.5563834095474816,1
2011-09-12,1.156914846170738,2,-0.002580473677439965,29,0.6445587331136657,1
2011-09-26,1.1701316346995991,2,-0.0014639280268842758,29,0.6561017357707221,1
2011-10-10,1.1459618119425228,2,0.00038622872825230803,25,0.6183166691887678,1
2011-10-24,1.1342033709624169,2,0.0003596278955115828,24,0.5966690421896617,1
2011-11-07,1.1125031900528695,1,0.0004652005035232776,28,0.5395143557862888,1
2011-11-21,1.1450045083312683,1,0.0033297381381633684,24,0.5325024510281627,1
2011-12-06,1.2725147481169439,1,-0.00019769803156671761,26,0.5571807027945019,1
2011-12-20,1.2462061527324493,1,0.0005892006495716584,28,0.5463542572553467,1
2012-01-05,1.2873900364741127,1,-0.00013587895817729345,27,0.5663187472299283,1
2012-01-20,1.3122720013450464,1,-0.000429516828360732,29,0.5366068782376696,1
2012-02-03,1.2695787033809711,1,-0.0016127287897091114,29,0.536768787989031,1
2012-02-17,1.232842222431822,1,0.000631069105629295,29,0.5535482137026629,1
2012-03-05,1.2078483445707489,1,0.0005384534325990065,29,0.5600036916799426,1
2012-03-19,1.2649840813812003,1,0.00013988875077966534,28,0.5373434700242221,1
2012-04-02,1.2407861016456472,1,0.0007639095473996604,28,0.522782914570811,1
2012-04-17,1.3283806213715088,1,0.003864496295643366,29,0.5274587950234265,1
2012-05-01,1.3939784181343624,1,0.003390369795469722,27,0.5296161494319749,1
2012-05-15,1.3318815069002548,1,0.0029290696422804574,28,0.5178495708331062,1
2012-05-30,1.2601030820407333,1,0.00012247144761018403,29,0.5450614571057153,1
2012-06-13,1.210132283982812,1,0.00036942364727465815,27,0.5346191451822879,1
2012-06-27,1.3014761833207018,1,0.0019903096590266345,27,0.5382596473387804,1
2012-07-12,1.3385528018618384,1,0.0014646980554170186,26,0.5398285400260637,1
2012-07-26,1.3685547113675591,1,0.007517558310814992,27,0.5488115064035962,1
2012-08-09,1.4155384007576037,1,0.008185939350344701,26,0.5209388190035907,1
2012-08-23,1.3591523974327824,1,0.005945384119960456,26,0.5352907426563429,1
2012-09-07,1.3491416906714864,1,0.005496617622867156,25,0.5817140208513505,1
2012-09-21,1.4019769061762368,1,0.007041742036025839,25,0.5874298531180789,1
2012-10-05,1.3572458450886309,1,0.005005403850463219,25,0.567665804419035,1
2012-10-19,1.2824839522377263,1,0.0037533506798766714,26,0.5734425761084776,1
2012-11-06,1.2298505374827349,1,0.004487674456442076,27,0.5749468207513918,1
2012-11-20,1.165233446745615,2,0.0026175285089491407,29,0.6369457049598956,1
2012-12-05,1.1633477036022717,2,0.0017696244616948464,29,0.6388445277002865,1
2012-12-19,1.1614937575105921,2,0.001805732199693294,29,0.6375022056830363,1
2013-01-04,1.164173814536626,2,0.0017849306527023823,20,0.6364991960737003,1
2013-01-18,1.1672884385175215,2,0.0042028418869471396,24,0.6386355559406434,1
2013-02-04,1.1611981389156447,2,0.004662000252689091,27,0.6357491124008003,1
2013-02-19,1.1156168998213651,2,0.00332288317923074,27,0.5810695075045829,1
2013-03-05,1.1242731634436678,2,0.004759888923961592,27,0.5998781550834109,1
2013-03-19,1.1303004784654989,2,0.006751378682423953,27,0.6013028094792414,1
2013-04-03,1.1307725959875456,2,0.0038590938863549973,27,0.5987556918455726,1
2013-04-17,1.1476461620069534,2,0.00033267393582883664,26,0.6160377064958575,1
2013-05-01,1.1208658610053723,2,0.0007900571580373161,28,0.5927709414678438,1
2013-05-15,1.1232368806182924,2,0.0012032319506437572,28,0.6071115974260911,1
2013-05-30,1.1204930954959935,1,0.000858106957794813,28,0.5891973896460803,1
2013-06-13,1.1387354121437947,1,0.0020875171292721595,29,0.5938462296537821,1
2013-06-27,1.1230452943924751,1,0.0016773266605738801,29,0.5812179119225027,1
2013-07-12,1.1112414665833845,2,0.0009515022836916742,29,0.5836970654364161,1
2013-07-26,1.1149291711723996,2,-9.172112656280484e-05,29,0.601468659446583,1
2013-08-09,1.017223499462118,2,0.0009446467933439395,24,0.5493976853045077,1
2013-08-23,1.0368813851544825,2,-0.001230950221699778,28,0.5543918557875513,1
2013-09-09,1.018057541111817,2,0.001066754562199429,27,0.5346077599984985,1
2013-09-23,0.9840578423366487,2,0.001351547308446721,27,0.5118511087344225,1
2013-10-07,0.9857425550418762,1,-9.971053351859327e-05,20,0.4820018741998159,1
2013-10-21,0.935951522020438,2,0.00029158506142387686,19,0.47296809849129173,1
2013-11-04,0.909753672874407,2,0.0008304200258929528,29,0.45961811035016076,1
2013-11-18,0.8353769980074159,2,0.001356468675615563,28,0.4107918766592298,1
2013-12-03,0.8161655038316269,2,0.0017415530261149503,28,0.39451525580229047,1
2013-12-17,0.82397509382352,2,0.0018500244964134993,29,0.4210232902115906,1
2014-01-02,0.8218479937765685,2,0.0008598687608441791,29,0.4209802621955696,1
2014-01-16,0.7899149562082565,2,0.0028103956501759064,28,0.3960685555871827,1
2014-01-31,0.8243875831736857,2,-0.00022949038952982392,28,0.4169006326656336,1
2014-02-14,0.8260444166052392,2,0.0014092036293837373,27,0.41851203531024606,1
2014-03-03,0.8065271376365328,2,0.0015129478617386671,27,0.4172020717986018,1
2014-03-17,0.8094659726495126,2,0.001792538785508474,26,0.41449517078056425,1
2014-03-31,0.8115017393697379,2,0.0020352392732453373,26,0.41047859726593594,1
2014-04-14,0.7949926710030623,2,0.0023324374969451167,29,0.40270355586947143,1
2014-04-29,0.7952109349113577,2,0.0016236516969570514,26,0.3930145425652969,1
2014-05-13,0.7785461824048999,2,0.0022617143583957278,26,0.3822653373463486,1
2014-05-28,0.7740025865590469,2,-0.00024726544028935704,29,0.3820393947057265,1
2014-06-11,0.7420661455954483,2,0.0015583507183060674,29,0.37052638439652913,1
2014-06-25,0.7224470623805829,2,0.0013704759131124566,29,0.36544643779578045,1
2014-07-10,0.7540265361671296,2,0.00026465640972267446,28,0.40527795897373087,1
2014-07-24,0.7519697726390515,2,-0.0012325970964290334,29,0.3958426877095952,1
2014-08-07,0.7319796100960486,2,0.0005528876762669055,28,0.37648681994630984,1
2014-08-21,0.7525551237058837,2,-0.00015034391140561487,29,0.3977581314597829,1
2014-09-05,0.748712683682401,2,-0.00035373303593191907,29,0.4039191419348409,1
2014-09-19,0.7602911907606014,2,0.0008131005421354587,29,0.40303175261572255,1
2014-10-03,0.7719646731896893,2,0.0011613559560786357,29,0.41831185764179957,1
2014-10-17,0.770082306731923,2,-0.000543156264606437,27,0.4055215948085438,1
2014-10-31,0.7657306871086723,2,0.001645582538689322,28,0.41090991094692936,1
2014-11-14,0.7417568275469226,2,-0.00025351230088643817,28,0.39225225759730387,1
2014-12-01,0.7310144686136277,2,-0.0009424141047051082,29,0.3765774150632407,1
2014-12-15,0.7618945447143982,2,0.00022354550710385057,27,0.39893876101584497,1
2014-12-30,0.7427141138182457,2,0.0008277553927249215,27,0.38432198557559494,1
2015-01-14,0.7728043135717625,2,0.00019008077145535318,28,0.3992851852107563,1
2015-01-29,0.7980916670822609,2,2.2681343471026016e-05,29,0.4258431506302149,1
2015-02-12,0.8060368457164212,2,0.00044188822038584985,29,0.4309549716332406,1
2015-02-27,0.7662318118525813,2,-0.00021158191210346455,29,0.4076455036508104,1
2015-03-13,0.7666376900173889,2,0.0017883994651131385,28,0.40969914186074685,1
2015-03-27,0.7789160752345661,2,0.0008501749440144313,28,0.4019600682271688,1
2015-04-13,0.7557971063291328,2,0.0006274795052284565,29,0.3978424789422077,1
2015-04-27,0.7475064180873411,2,-0.0003216274134314745,29,0.38267932380029746,1
2015-05-11,0.7830265611337575,2,-0.0011806142516938567,29,0.40334545644525466,1
2015-05-26,0.7764852863652416,2,-0.0013855967325599183,29,0.40697114101728366,1
2015-06-09,0.7393575819195494,2,-0.0009270617196976971,29,0.39730316784774744,1
2015-06-23,0.7490493760148262,2,-0.0014817953628682434,28,0.39609333981898637,1
2015-07-08,0.7729664399164727,2,-0.002500796722133325,29,0.41826910002745477,1
2015-07-22,0.7818470452829017,2,-0.0010528964903959714,29,0.42099466608423325,1
2015-08-05,0.7722386322795239,2,-0.0004133109957670522,29,0.4185205192117119,1
2015-08-19,0.7178535359875063,2,0.0005011070029386222,29,0.37000945860871753,1
2015-09-02,0.7609843158654638,2,0.002412042844272433,29,0.39099103492618825,1
2015-09-17,0.7600639263505955,2,0.0030021575544328938,28,0.3783777336662595,1
2015-10-01,0.7611775057886411,2,0.000760473301588932,27,0.3816430095495065,1
2015-10-15,0.7781553418337198,2,0.0028834869295891463,28,0.3970803363834595,1
2015-10-29,0.801356208804551,1,0.002232307380798826,27,0.408507840449397,1
2015-11-12,0.8102333100646899,1,0.0029479355248840655,27,0.42160771980710393,1
2015-11-27,0.8112562151727396,1,0.0017632543382892218,25,0.40101364784656596,1
2015-12-11,0.810864405530403,2,0.0027323041146309623,25,0.4331891324467847,1
2015-12-28,0.8390606966157416,1,0.0024626754458598465,26,0.4213331303846115,1
2016-01-12,0.8847684165729761,1,0.0010097089900765188,29,0.43616814647874524,1
2016-01-27,0.8938684073069564,1,-0.0028510001291027487,29,0.46499379586323886,1
2016-02-10,0.8730657536601394,2,-0.002808579140662154,29,0.4984165144275078,1
2016-02-25,0.9319311481512144,2,-0.000830669565757225,29,0.5418489521908978,1
2016-03-10,0.9035764753645926,2,-0.0015992538054312722,29,0.5134220736735862,1
2016-03-24,0.9246181782544457,2,-0.001852296780653434,29,0.5394851703367594,1
2016-04-08,0.8970755499203336,2,-0.0030110153519495586,29,0.5165916465361295,1
2016-04-22,0.9077212054103125,2,-0.0031142606575378096,29,0.5176266243167807,1
2016-05-06,0.8673537598719099,2,-0.0019101132057322001,29,0.47728733488459707,1
2016-05-20,0.8389424776360418,2,-0.0008022048999498654,29,0.4841647973948554,1
2016-06-06,0.8725250853108117,2,0.0019182935941191026,29,0.4918712620507935,1
2016-06-20,0.8462994508950843,2,-0.0041824153610255654,28,0.4993429271132673,1
2016-07-05,0.9021515256860323,2,-0.004864663467270519,29,0.5220993267500614,1
2016-07-19,0.9172734994049252,2,-0.003501697009295174,29,0.5212424250667373,1
2016-08-02,0.9183834413763952,2,-0.0011980990438330008,29,0.523299036200017,1
2016-08-16,0.9154449791345298,2,-0.0015285031161444973,29,0.5250923376798975,1
2016-08-30,0.8998953074331143,2,-0.0036572917419196993,29,0.5121672954360649,1
2016-09-14,0.9300821843405919,2,-0.0023416530732818797,29,0.5330679669814014,1
2016-09-28,0.9015910055939838,2,-0.0019218050358841277,29,0.4972923064564385,1
2016-10-12,0.9216673667682773,2,-0.0006045451009042413,29,0.5232374095115128,1
2016-10-26,0.9186060848013029,2,-0.001002070522350601,29,0.5243962435242988,1
2016-11-09,0.9261855941179584,1,-0.0010871611082558519,29,0.5247957270870789,1
2016-11-23,0.9296862353210718,2,0.001133652795771628,29,0.5309658234397412,1
2016-12-08,0.8879754429374346,2,0.0013011096518015242,29,0.4938829439467486,1
2016-12-22,0.945793367661923,1,0.00038355691323574415,28,0.507552606872689,1
2017-01-09,0.8990490948232612,1,0.0006987872167178444,28,0.5042642424704846,1
2017-01-24,0.8833226523090975,1,1.3727024134019272e-05,29,0.47602726019342984,1
2017-02-07,0.8884971454212185,1,-0.0005214659744534889,20,0.477911052422112,1
2017-02-22,0.9049855823808778,1,-0.0008371652312012812,20,0.48042236471321953,1
2017-03-08,0.9174794385864725,1,-0.0015213072915899184,29,0.48617648398243013,1
2017-03-22,0.932304347929297,1,0.00048108101026658745,20,0.5020507020789273,1
2017-04-05,0.9795662383401536,1,0.0030559786210594686,20,0.48027246654879446,1
2017-04-20,0.9620275133695322,1,0.004702139625558988,22,0.4583024722495346,1
2017-05-04,0.94712877184301,1,0.00844195263662692,19,0.4558296792139399,1
2017-05-18,0.9381971349964782,1,0.007902028357535451,19,0.45496117810781145,1
2017-06-02,0.9532163935268915,1,0.004639341699636451,19,0.4590574778135703,1
2017-06-16,0.945623218460579,1,0.0030616967296692443,27,0.45556459515488246,1
2017-06-30,0.9800986666941973,1,0.003141680050165463,18,0.4685882147457683,1
2017-07-17,0.9832481295950533,1,0.002615967751506826,26,0.45722616387439374,1
2017-07-31,1.0075361158544938,1,0.005362182536975901,24,0.4528586068551034,1
2017-08-14,1.0027175275892641,1,0.0062160802108744695,21,0.4386878709739466,1
2017-08-28,0.9232573224146241,1,0.0035009663479530773,24,0.4244334727399028,1
2017-09-12,0.900696433810868,1,0.0037768927753190074,24,0.3952645586670135,1
2017-09-26,0.9256459472415687,1,0.0023194639655007288,25,0.40135435977498923,1
2017-10-10,0.8914201539897588,1,0.0007110606123049978,21,0.3978958400345273,1
2017-10-24,0.9240097560040996,1,0.0009904422327874085,27,0.40889158946939574,1
2017-11-07,0.9429560520931534,1,0.00117068171962309,25,0.39000553837034313,1
2017-11-21,0.904597058457548,1,0.001129976974345387,24,0.39923543996513927,1
2017-12-06,0.7426411618349629,1,0.0015031807707648892,26,0.36322355670684314,1
2017-12-20,0.7382505370251415,1,-0.0015955657926607913,28,0.3920053107394215,1
2018-01-05,0.8189558956992419,1,0.00038848082330278366,25,0.4069614597741475,1
2018-01-22,0.748519648103662,1,0.0017957270739675513,28,0.35833327794584796,1
2018-02-05,0.6918181636917162,1,0.0009011692817176564,25,0.3424721456512001,1
2018-02-20,0.6884773818802266,1,-0.00039299425219710415,29,0.3434794887955317,1
2018-03-06,0.6196984904835178,2,-0.0007989424656065641,28,0.32231730866860475,1
2018-03-20,0.5800863829383449,2,-0.0009934934949410307,28,0.29630873979389616,1
2018-04-04,0.5946004993718643,2,0.0010217324932464134,24,0.3016154020028403,1
2018-04-18,0.6093734946644591,1,0.0002844708988926359,29,0.2983930045530931,1
2018-05-02,0.6111719777515106,1,0.002853286373176278,26,0.3165418380196795,1
2018-05-16,0.6796167905643128,1,0.002054274655687943,26,0.33687737023052355,1
2018-05-31,0.6778579773223543,1,0.0017877654300089973,26,0.3427256020989974,1
2018-06-14,0.6838453810186353,1,0.0010634704649337967,28,0.340318185003994,1
2018-06-28,0.6126505145073745,1,0.0012125063249117246,28,0.3181401452667816,1
2018-07-13,0.6181720236349312,1,0.00360435831035516,23,0.3211281908814139,1
2018-07-27,0.5905989211526407,2,0.003300852497640519,23,0.3148613152293698,1
2018-08-10,0.556855002620349,1,0.0030148205067263706,23,0.30509326325869335,1
2018-08-24,0.5801838255000514,2,0.0026501774986028154,23,0.3041438809942396,1
2018-09-10,0.6138062676976296,2,0.0025839683107436034,23,0.34343460666396364,1
2018-09-24,0.6000250741246229,2,-0.000272984774578211,29,0.33687107279570067,1
2018-10-08,0.6031008590859561,2,0.00012717852287405518,25,0.34490557607110217,1
2018-10-22,0.6136580131219811,2,-0.0003912185566541382,28,0.3448322616239254,1
2018-11-05,0.6187609944553092,2,0.003933360878506459,20,0.35350639046997867,1
2018-11-19,0.6764397895848695,1,0.0028817914687088997,24,0.35664589613472264,1
2018-12-04,0.7683826485991129,1,0.0039639478653086535,23,0.39107751113280265,1
2018-12-19,0.7884354284433305,1,0.005159278931962469,22,0.3879653132183483,1
2019-01-04,0.8419819359239513,1,0.005402487837513292,19,0.40691241630416486,1
2019-01-18,0.8231188637476128,1,0.004245345951554846,26,0.40380234792096925,1
2019-02-04,0.7820812350765259,1,0.0032022167230060516,22,0.4039396609168228,1
2019-02-19,0.8039063609098912,1,0.0036635024184603904,23,0.41439275608549675,1
2019-03-05,0.8258203545952607,1,0.0026957585049948996,27,0.39509053478590755,1
2019-03-19,0.8253471794352553,1,0.0045089377618502124,23,0.4098861103364274,1
2019-04-02,0.8571829364056034,1,0.002354812929535377,23,0.41022898536413277,1
2019-04-16,0.8356244236454718,1,0.0017720900918332394,24,0.4111567119880235,1
2019-05-01,0.8038686277289419,1,0.0012867080769610184,29,0.39383380047531946,1
2019-05-15,0.7576920551621202,1,0.002793852258203694,22,0.41420881373364327,1
2019-05-30,0.744132314170352,2,0.0009076748369409859,24,0.40475980623415,1
2019-06-13,0.7369119815296379,2,0.0017834733925498891,22,0.40318382048451573,1
2019-06-27,0.7321691161064402,2,0.002625251914278398,21,0.39690479325285166,1
2019-07-12,0.7422300371301719,2,0.0019186226768664327,21,0.39882729841190706,1
2019-07-26,0.7471943976647442,2,0.003589428319267729,26,0.4134087808310167,1
2019-08-09,0.7471837176500509,2,0.004475638101414575,26,0.41379608782894794,1
2019-08-23,0.7508329318641486,2,0.0023509338763317844,27,0.3976487982902869,1
2019-09-09,0.7711472919821164,2,0.003183334707548141,26,0.4155195957132654,1
2019-09-23,0.7478717113491705,2,0.0027295003995997102,21,0.39595191675338925,1
2019-10-07,0.7530626226158098,2,0.0025774085010765446,22,0.40641016996072005,1
2019-10-21,0.7598823576579052,2,0.001821852409953889,23,0.40497347686739626,1
2019-11-04,0.7665739321401551,2,0.002606279885237789,23,0.41109545855296603,1
2019-11-18,0.7688130921453527,2,0.0007210165984230243,27,0.4281509313369869,1
2019-12-03,0.7987959822986607,2,0.0006432840961450026,26,0.4359273777435573,1
2019-12-17,0.7889884531602918,2,0.0022416020547722515,26,0.4328438165399311,1
2020-01-02,0.780672207168319,2,0.0002310999285484172,26,0.4356080140846835,1
2020-01-16,0.7966185769316747,2,0.0005022027645643079,26,0.43405761144853866,1
2020-01-31,0.7909290958992344,2,0.001306865941966523,22,0.4486558415016092,1
2020-02-14,0.8136681421561678,1,0.005042481264691978,18,0.45361960815311564,1
2020-03-02,0.8483083894794066,2,0.005036821109616535,19,0.49910922259553303,1
2020-03-16,1.3319025914438332,1,0.015304211843904236,20,0.6103249875522823,1
2020-03-30,1.414993128529308,1,0.018159914156935464,20,0.5758228641976166,1
2020-04-14,1.5505396933198237,1,0.01189857027898919,19,0.5884089890196375,1
2020-04-28,1.5240924773519424,1,0.015213146249752646,21,0.6208204428101664,1
2020-05-12,1.531004947224399,1,0.009893687392680317,20,0.6472633594018047,1
2020-05-27,1.5397788535570522,1,0.011199656917659478,20,0.6742319031964162,1
2020-06-10,1.511183514577711,1,0.011905159414129174,20,0.6521450862376807,1
2020-06-24,1.441605853042037,1,0.0193992462177191,19,0.6446501423545719,1
2020-07-09,1.4646133707948465,1,0.014640613936174163,20,0.6667247140682941,1
2020-07-23,1.4890450321029436,1,0.01829842473958182,20,0.6507017735209771,1
2020-08-06,1.4105059169408636,1,0.00878871949258686,20,0.5834028651690999,1
2020-08-20,1.3875884568571468,1,0.007309780875031563,20,0.5996490175200897,1
2020-09-03,1.346681081191416,1,0.006677781138382993,20,0.5791212720049994,1
2020-09-18,1.3414035506484319,1,0.006595743412504268,24,0.5807508110734341,1
2020-10-02,1.3367572702878865,1,0.004043404929056388,26,0.5830191710432647,1
2020-10-16,1.3417878354928143,1,0.0023105222573688022,26,0.5732817389734286,1
2020-10-30,1.5249664614416416,1,0.0008196982881040205,27,0.5903461021078491,1
2020-11-13,1.5522618450646763,1,0.00012944404876205629,26,0.6366726151919153,1
2020-11-30,1.5061556549422646,1,-0.000778845831425623,29,0.6256271150211322,1
2020-12-14,1.471178618862111,1,-0.000750767827323251,29,0.6367920756048253,1
2020-12-29,1.449612832087787,1,0.0005816345744719398,27,0.6277092630890078,1
2021-01-13,1.456687178256094,1,0.0010970797640954544,29,0.6370731173432884,1
2021-01-28,1.4358792197305152,1,0.00047633967992677384,26,0.6333101280943265,1
2021-02-11,1.4691475456575258,1,-0.0006515440447758813,28,0.6170670725317795,1
2021-02-26,1.4327896591601446,1,0.0009525684683389379,29,0.6508826523652882,1
2021-03-12,1.4459802695897834,1,0.0024630176298804096,26,0.6449170271932739,1
2021-03-26,1.4398406669344546,1,0.00148007062756228,29,0.704670094026362,1
2021-04-12,1.4181437132763723,1,0.0016246936899730058,29,0.6960572727783423,1
2021-04-26,1.5297721221652238,1,0.003980732797431802,28,0.6886565433564327,1
2021-05-10,1.5405035894923251,1,0.00031896066151720914,26,0.665088100269571,1
2021-05-24,1.4909601817709293,1,-3.620864457570816e-05,28,0.6579508944139868,1
2021-06-08,1.4710281882253713,1,-0.0005461880499484095,29,0.6445381276902084,1
2021-06-22,1.4946365206584866,1,0.0015249264966568643,26,0.6514753510044007,1
2021-07-07,1.5022716815715431,1,0.0021307837706313337,29,0.642145116030838,1
2021-07-21,1.545295168456359,1,0.0036867353440418194,27,0.6395395566205424,1
2021-08-04,1.5493868424976882,1,0.004575500684213862,24,0.6368540471853834,1
2021-08-18,1.5337771585904485,1,0.008356273968424005,24,0.6607129382681763,1
2021-09-01,1.5406805524955471,1,0.0065212570422149285,24,0.6681259674336314,1
2021-09-16,1.5384200420924148,1,0.003964129069152195,27,0.6767471598033299,1
2021-09-30,1.5147117427914119,1,0.003614719199656141,24,0.6418225333997085,1
2021-10-14,1.5008670734682006,1,0.004140931387263874,19,0.6537969684050317,1
2021-10-28,1.4891050457811108,1,0.006444584000784237,24,0.6521552262453534,1
2021-11-11,1.4490497082826785,1,0.008809632716056781,25,0.6667006841362875,1
2021-11-26,1.4328526875435437,1,0.00674207837687163,25,0.6832532110417024,1
2021-12-10,1.4168527304208731,1,0.007779514223705181,27,0.702371808395355,1
2021-12-27,1.396080663952928,1,0.007745781193463114,25,0.6864764098134267,1
2022-01-10,1.405786076471574,1,0.010958607794935321,17,0.6929068192453477,1
2022-01-25,1.3613646765403231,1,0.012613223983038768,24,0.6936457392794714,1
2022-02-08,1.3382604772866133,1,0.016344753173590076,24,0.7293616875102226,1
2022-02-23,1.4691531482814115,1,0.015026936453852002,23,0.7306458728819796,1
2022-03-09,1.266896763742739,1,0.004494446323156542,25,0.6939897574884516,1
2022-03-23,0.9830070432814461,1,0.0028671762539334844,26,0.5405212442283511,1
2022-04-06,1.087476532258501,1,-0.0007075102387593124,28,0.5581779738227949,1
2022-04-21,0.9636404912176081,2,0.0008988969129085644,25,0.6188301638611589,1
2022-05-05,0.9356566267606921,2,0.001093439556456105,27,0.5906930725245358,1
2022-05-19,0.9294418718249674,2,0.004584916938736833,21,0.5826880092174211,1
2022-06-03,0.8815265717419973,2,-0.0018315346425859247,29,0.5450939589727024,1
2022-06-17,0.889928108563043,2,-0.0034887835473502993,29,0.5485212592986932,1
2022-07-05,0.8732990751436394,2,-0.0014381950482219297,28,0.537290251882197,1
2022-07-19,0.8678479037134506,2,-0.0036563418704342043,29,0.5355786424017723,1
2022-08-02,0.9137376013953955,2,-0.0021782550137086354,27,0.5715442976431528,1
2022-08-16,0.9145189543631708,2,-0.003160949599092855,29,0.5689258845268995,1
2022-08-30,0.9160368827772386,2,-0.0046057261245969205,29,0.5658989824845196,1
2022-09-14,0.906712443204774,2,-0.0008114913572541127,29,0.5431360236995888,1
2022-09-28,0.9549696005884141,2,-0.001367498192433786,29,0.5987344350688608,1
2022-10-12,0.9381761617615504,2,0.0003684962697770855,29,0.5741642073872834,1
2022-10-26,0.9475830233084832,2,-0.001155270676479414,28,0.5874531717921645,1
2022-11-09,0.9549899547045868,1,0.0018704243299880186,29,0.5494541707392275,1
2022-11-23,0.9636735461452555,1,0.0010210157990854507,29,0.5395241723141387,1
2022-12-08,0.966568388434103,1,0.00015265735845737538,29,0.5445988989739983,1
2022-12-22,0.9642093505130662,1,-0.0006339239667964292,29,0.5307661545045131,1
2023-01-09,0.897539839483597,1,-0.00354648454672829,29,0.5029289794995782,1
2023-01-24,0.9317966019228316,1,0.014123006989633619,1,0.5019691164096968,1
2023-02-07,0.8946928874042028,1,-0.0028483916607826287,29,0.504035172062908,1
2023-02-22,1.0009466263196014,1,-0.003611748759843547,29,0.5320887435245105,1
2023-03-08,0.9922906112479477,1,-0.0018186749009802272,28,0.5367229805357936,1
2023-03-22,1.0786651628497899,1,-0.0024581785680580226,29,0.554553962573066,1
2023-04-05,1.0775557504728417,1,-0.00030892798330314775,29,0.535378571366041,1
2023-04-20,1.0569012152587431,1,-0.0008340501241004272,29,0.5240058214234599,1
2023-05-04,1.0115761991640757,1,-0.002256288338611162,29,0.5175740864499421,1
2023-05-18,1.0185500821427536,1,-0.0008749498656246413,29,0.4958945722695801,1
2023-06-02,0.9973768426033576,1,-0.00238062320382626,29,0.5209636596886861,1
2023-06-16,0.9771411207397823,1,-0.0010904977696836737,29,0.4767829421069215,1
2023-07-03,0.9811509482632109,1,-0.0011331063085347204,29,0.488520305733949,1
2023-07-18,0.9216416276403365,1,-0.001992709698663442,29,0.5139966902340183,1
2023-08-01,0.943580789034446,1,-2.4818475084148472e-05,29,0.5271148747850684,1
2023-08-15,0.9768323742901645,1,0.00030029127462233296,29,0.5571008900215771,1
2023-08-29,0.9273225944897465,1,0.0005527940380788965,29,0.5492250552810523,1
2023-09-13,0.9369687824714239,2,-0.0009883953466816864,29,0.5700251074264486,1
2023-09-27,0.9345557409849728,2,-0.0013322054496450464,29,0.5689435860550769,1
2023-10-11,0.9489050206752763,2,-0.0015859194674087973,29,0.5864908737494656,1
2023-10-25,0.9449727998734779,1,-0.0007799862250628675,29,0.5660672192344292,1
2023-11-08,1.005467317268646,1,-0.0015567526190849723,29,0.5307775751051451,1
2023-11-22,1.0006785535697689,1,-0.00254632213846126,29,0.5255529713038327,1
2023-12-07,0.9391546233348786,1,0.00046207241790502396,27,0.5145443032712339,1
2023-12-21,0.9313270549469731,1,0.0002979834828137351,28,0.5306093797674256,1
2024-01-08,0.9591449658489063,2,-0.0005530236518360987,29,0.5898405403328022,1
2024-01-23,0.9624895573258996,2,-0.0014818649719940957,29,0.5976695601942845,1
2024-02-06,1.0415431683654208,1,-0.0011188476079211085,29,0.6161790849482799,1
2024-02-21,1.0624542739412917,1,0.0004872910783659534,28,0.6431046747138748,1
2024-03-06,1.0784489678254219,1,0.0011871267732650737,29,0.6716967686118539,1
2024-03-20,1.1567356573443128,1,-0.00027541483619741847,29,0.6296905777075232,1
2024-04-04,1.1529379323720512,1,0.0010310155526433717,29,0.6087536635933499,1
2024-04-18,1.1065221691676428,1,-0.0031859223525687874,29,0.5935589807783359,1
2024-05-02,1.1438813426765102,1,-0.001503208768454195,29,0.5451637676880122,1
2024-05-16,1.029499099662404,1,-3.7775883760027273e-05,29,0.5214074027589809,1
2024-05-31,0.9511622811696755,1,-0.0014106621461345281,29,0.4947033627254649,1
2024-06-14,0.8815567871381718,2,0.0001874984557602155,29,0.5416212896724741,1
2024-07-01,0.8054063637727759,2,0.0005792558956937977,28,0.47164497797290583,1
2024-07-16,0.82294304987425,2,0.0019978267841501973,27,0.4868019688342282,1
2024-07-30,0.7862073294756815,2,0.0012701587839296369,27,0.4515675671774497,1
2024-08-13,0.7965255008370934,2,0.0013391412606010844,29,0.4646865447097772,1
2024-08-27,0.7863522849464993,2,0.003031314036465088,25,0.4451048572590233,1
2024-09-11,0.7350583809125479,2,0.0016713765646247103,26,0.4146451679060616,1
2024-09-25,0.7297260962532108,2,0.0018800784312630048,28,0.4046792014292472,1
2024-10-09,0.7280944373607373,2,0.005278032864945464,24,0.4135253346984096,1
2024-10-23,0.6931633832026955,2,0.004945161139948945,25,0.39589952142254975,1
2024-11-06,0.6813018616942075,2,0.0020687973150111116,28,0.3837140765684486,1
2024-11-20,0.6511217320646716,2,0.002124468478624436,27,0.3738930510174381,1
2024-12-05,0.6774557777248454,2,1.3699296001618011e-05,29,0.39142586606805374,1
2024-12-19,0.625323476570816,2,0.0018084921137015708,28,0.3645427512671384,1
2025-01-06,0.6209966621170898,2,0.0023040249852512573,29,0.34690346665866867,1
2025-01-22,0.6326160914879065,2,0.00016246512200956964,29,0.34868558521148896,1
2025-02-05,0.6396523547496012,2,-0.002031804733298004,27,0.35538915786403125,1
2025-02-20,0.6446509364547024,2,-0.0015755509337068707,29,0.3738603025337395,1
2025-03-06,0.6379900344036484,2,-0.001176370206549579,28,0.3649595501935793,1
2025-03-20,0.5398205860176704,2,9.016330511507631e-05,29,0.30970996322948324,1
2025-04-03,0.5802117463307046,2,-8.077548079121755e-05,29,0.33545197734422094,1
2025-04-17,0.884517892164043,1,0.00044010995179302737,29,0.40472882513941333,1
2025-05-02,0.8530098068608948,1,0.0006332834060310821,28,0.4284645553749419,1
2025-05-16,0.8018333096852372,1,-0.0018439369579500986,28,0.40251050478777417,1
2025-06-02,0.7979853602520947,1,-0.00285726110638973,28,0.4125987796750281,1
2025-06-16,0.814753379823251,1,0.0008227268486413752,29,0.3979611470375831,1
2025-07-01,0.8368207339556489,1,-0.002647337150984974,29,0.40816850545064043,1
2025-07-16,0.8374237379686915,1,-0.0006858053605504622,29,0.42132711661885114,1
2025-07-30,0.8352878090106238,1,-0.0031953340317194823,29,0.41103723678322523,1
2025-08-13,0.7699982425335936,1,-0.0024111102101624093,29,0.3614726609061022,1
2025-08-27,0.7552172680427055,1,-0.0014828239721596803,29,0.36173569705512154,1
2025-09-11,0.775987732769834,1,-0.0025149544520514655,29,0.36192853780589973,1
2025-09-25,0.7563455867932976,1,-0.0027892964938568965,29,0.35380968048350236,1
2025-10-09,0.7166414609113428,1,-0.0012938735457860284,26,0.36964897326109203,1
2025-10-23,0.7466044141390147,1,0.0011601328500819297,29,0.38388145179724525,1
2025-11-06,0.7601407202356304,1,-0.001002357702409029,29,0.3859046849365099,1
2025-11-20,0.7099413925182746,1,-0.001913114570006813,29,0.4199555583536604,1
2025-12-05,0.7077218764270693,2,-0.0006437065695936162,29,0.415370917834903,1
2025-12-19,0.708226964003651,1,-0.002275727696441132,29,0.4001792750255044,1
2026-01-06,0.7167315756646646,1,-0.0028327633505818572,29,0.4045773518125648,1
2026-01-21,0.7296322934435931,1,-0.0038329144233325563,29,0.408336907328241,1
2026-02-04,0.7009506764971971,1,0.0005420359152260579,29,0.3693845327685653,1
2026-02-19,0.7354508364986133,1,0.0004813042170341286,29,0.34872494959437295,1
2026-03-05,0.6884787965586018,1,0.0005964443523740343,29,0.34638549355368187,1
2026-03-19,0.735091495291996,1,-0.00024821300871001595,29,0.3728392915296225,1
2026-04-02,0.7349412573174564,1,-0.0004514282854602286,29,0.3641901800514911,1
2026-04-17,0.692006642475988,1,-0.00032689607933657217,29,0.3691499285253339,1
2026-05-01,0.6346848338245109,1,0.00020090622442002493,29,0.3735441294160786,1
2026-05-15,0.6397739837845711,2,-0.0005942117575534339,29,0.3762091977902858,1
2026-06-01,0.6816353120437668,2,-0.0029194196189119004,28,0.4097156190603561,1
2026-06-15,0.6933638622457186,2,-0.00239233625604085,29,0.42426935017906575,1
2026-06-30,0.6809826245928752,2,-0.0021840563081998443,29,0.41838830540365024,1
