date,q_star
1991-12-20,1
1991-12-24,1
1991-12-27,1
1991-12-31,1
1992-01-03,1
1992-01-07,1
1992-01-09,1
1992-01-13,1
1992-01-15,1
1992-01-17,1
1992-01-21,1
1992-01-23,1
1992-01-27,1
1992-01-29,1
1992-01-31,1
1992-02-04,1
1992-02-06,1
1992-02-10,1
1992-02-12,1
1992-02-14,1
1992-02-19,1
1992-02-21,1
1992-02-25,1
1992-02-27,1
1992-03-02,1
1992-03-04,1
1992-03-06,1
1992-03-10,1
1992-03-12,1
1992-03-16,1
1992-03-18,1
1992-03-20,1
1992-03-24,1
1992-03-26,1
1992-03-30,1
1992-04-01,1
1992-04-03,1
1992-04-07,1
1992-04-09,1
1992-04-13,1
1992-04-15,1
1992-04-20,1
1992-04-22,1
1992-04-24,1
1992-04-28,1
1992-04-30,1
1992-05-04,1
1992-05-06,1
1992-05-08,1
1992-05-12,1
1992-05-14,1
1992-05-18,1
1992-05-20,1
1992-05-22,1
1992-05-27,1
1992-05-29,1
1992-06-02,1
1992-06-04,1
1992-06-08,1
1992-06-10,1
1992-06-12,1
1992-06-16,1
1992-06-18,1
1992-06-22,1
1992-06-24,1
1992-06-26,1
1992-06-30,1
1992-07-02,1
1992-07-07,1
1992-07-09,1
1992-07-13,1
1992-07-15,1
1992-07-17,1
1992-07-21,1
1992-07-23,1
1992-07-27,1
1992-07-29,1
1992-07-31,1
1992-08-04,1
1992-08-06,1
1992-08-10,1
1992-08-12,1
1992-08-14,1
1992-08-18,1
1992-08-20,1
1992-08-24,1
1992-08-26,1
1992-08-28,1
1992-09-01,1
1992-09-03,1
1992-09-08,1
1992-09-10,1
1992-09-14,1
1992-09-16,1
1992-09-18,1
1992-09-22,1
1992-09-24,1
1992-09-28,1
1992-09-30,1
1992-10-02,1
1992-10-06,1
1992-10-08,1
1992-10-12,1
1992-10-14,1
1992-10-16,1
1992-10-20,1
1992-10-22,1
1992-10-26,1
1992-10-28,1
1992-10-30,1
1992-11-03,1
1992-11-05,1
1992-11-09,1
1992-11-11,1
1992-11-13,1
1992-11-17,1
1992-11-19,1
1992-11-23,1
1992-11-25,1
1992-11-30,1
1992-12-02,1
1992-12-04,1
1992-12-08,1
1992-12-10,1
1992-12-14,1
1992-12-16,1
1992-12-18,1
1992-12-22,1
1992-12-24,1
1992-12-29,1
1992-12-31,1
1993-01-05,1
1993-01-07,1
1993-01-11,1
1993-01-13,1
1993-01-15,1
1993-01-19,1
1993-01-21,1
1993-01-25,1
1993-01-27,1
1993-01-29,1
1993-02-02,1
1993-02-04,1
1993-02-08,1
1993-02-10,1
1993-02-12,1
1993-02-17,1
1993-02-19,1
1993-02-23,1
1993-02-25,1
1993-03-01,1
1993-03-03,1
1993-03-05,1
1993-03-09,1
1993-03-11,1
1993-03-15,1
1993-03-17,1
1993-03-19,1
1993-03-23,1
1993-03-25,1
1993-03-29,1
1993-03-31,1
1993-04-02,1
1993-04-06,1
1993-04-08,1
1993-04-13,1
1993-04-15,1
1993-04-19,1
1993-04-21,1
1993-04-23,1
1993-04-27,1
1993-04-29,1
1993-05-03,1
1993-05-05,1
1993-05-07,1
1993-05-11,1
1993-05-13,1
1993-05-17,1
1993-05-19,1
1993-05-21,1
1993-05-25,1
1993-05-27,1
1993-06-01,1
1993-06-03,1
1993-06-07,1
1993-06-09,1
1993-06-11,1
1993-06-15,1
1993-06-17,1
1993-06-21,1
1993-06-23,1
1993-06-25,1
1993-06-29,1
1993-07-01,1
1993-07-06,1
1993-07-08,1
1993-07-12,1
1993-07-14,1
1993-07-16,1
1993-07-20,1
1993-07-22,1
1993-07-26,1
1993-07-28,1
1993-07-30,1
1993-08-03,1
1993-08-05,1
1993-08-09,1
1993-08-11,1
1993-08-13,1
1993-08-17,1
1993-08-19,1
1993-08-23,1
1993-08-25,1
1993-08-27,1
1993-08-31,1
1993-09-02,1
1993-09-07,1
1993-09-09,1
1993-09-13,1
1993-09-15,1
1993-09-17,1
1993-09-21,1
1993-09-23,1
1993-09-27,1
1993-09-29,1
1993-10-01,1
1993-10-05,1
1993-10-07,1
1993-10-11,1
1993-10-13,1
1993-10-15,1
1993-10-19,1
1993-10-21,1
1993-10-25,1
1993-10-27,1
1993-10-29,1
1993-11-02,1
1993-11-04,1
1993-11-08,1
1993-11-10,1
1993-11-12,1
1993-11-16,1
1993-11-18,1
1993-11-22,1
1993-11-24,1
1993-11-29,1
1993-12-01,1
1993-12-03,1
1993-12-07,1
1993-12-09,1
1993-12-13,1
1993-12-15,1
1993-12-17,1
1993-12-21,1
1993-12-23,1
1993-12-28,1
1993-12-30,1
1994-01-03,1
1994-01-05,1
1994-01-07,1
1994-01-11,1
1994-01-13,1
1994-01-17,1
1994-01-19,1
1994-01-21,1
1994-01-25,1
1994-01-27,1
1994-01-31,1
1994-02-02,1
1994-02-04,1
1994-02-08,1
1994-02-10,1
1994-02-14,1
1994-02-16,1
1994-02-18,1
1994-02-23,1
1994-02-25,1
1994-03-01,1
1994-03-03,1
1994-03-07,1
1994-03-09,1
1994-03-11,1
1994-03-15,1
1994-03-17,1
1994-03-21,1
1994-03-23,1
1994-03-25,1
1994-03-29,1
1994-03-31,2
1994-04-05,2
1994-04-07,1
1994-04-11,1
1994-04-13,1
1994-04-15,2
1994-04-19,1
1994-04-21,1
1994-04-25,1
1994-04-28,1
1994-05-02,1
1994-05-04,1
1994-05-06,1
1994-05-10,1
1994-05-12,1
1994-05-16,1
1994-05-18,1
1994-05-20,1
1994-05-24,1
1994-05-26,1
1994-05-31,1
1994-06-02,1
1994-06-06,1
1994-06-08,1
1994-06-10,1
1994-06-14,1
1994-06-16,1
1994-06-20,1
1994-06-22,1
1994-06-24,1
1994-06-28,1
1994-06-30,1
1994-07-05,1
1994-07-07,1
1994-07-11,1
1994-07-13,1
1994-07-15,1
1994-07-19,1
1994-07-21,1
1994-07-25,1
1994-07-27,1
1994-07-29,1
1994-08-02,1
1994-08-04,1
1994-08-08,1
1994-08-10,1
1994-08-12,1
1994-08-16,1
1994-08-18,1
1994-08-22,1
1994-08-24,1
1994-08-26,1
1994-08-30,1
1994-09-01,1
1994-09-06,1
1994-09-08,1
1994-09-12,1
1994-09-14,1
1994-09-16,1
1994-09-20,1
1994-09-22,1
1994-09-26,1
1994-09-28,1
1994-09-30,1
1994-10-04,1
1994-10-06,1
1994-10-10,1
1994-10-12,1
1994-10-14,1
1994-10-18,1
1994-10-20,1
1994-10-24,1
1994-10-26,1
1994-10-28,1
1994-11-01,1
1994-11-03,1
1994-11-07,1
1994-11-09,1
1994-11-11,1
1994-11-15,1
1994-11-17,1
1994-11-21,1
1994-11-23,1
1994-11-28,1
1994-11-30,1
1994-12-02,1
1994-12-06,1
1994-12-08,1
1994-12-12,1
1994-12-14,1
1994-12-16,1
1994-12-20,1
1994-12-22,1
1994-12-27,1
1994-12-29,1
1995-01-03,1
1995-01-05,1
1995-01-09,1
1995-01-11,1
1995-01-13,1
1995-01-17,1
1995-01-19,1
1995-01-23,1
1995-01-25,1
1995-01-27,1
1995-01-31,1
1995-02-02,1
1995-02-06,1
1995-02-08,1
1995-02-10,1
1995-02-14,1
1995-02-16,1
1995-02-21,1
1995-02-23,1
1995-02-27,1
1995-03-01,1
1995-03-03,1
1995-03-07,1
1995-03-09,1
1995-03-13,1
1995-03-15,1
1995-03-17,1
1995-03-21,1
1995-03-23,1
1995-03-27,1
1995-03-29,1
1995-03-31,1
1995-04-04,1
1995-04-06,1
1995-04-10,1
1995-04-12,1
1995-04-17,1
1995-04-19,1
1995-04-21,1
1995-04-25,1
1995-04-27,1
1995-05-01,1
1995-05-03,1
1995-05-05,1
1995-05-09,1
1995-05-11,1
1995-05-15,1
1995-05-17,1
1995-05-19,1
1995-05-23,1
1995-05-25,1
1995-05-30,1
1995-06-01,1
1995-06-05,1
1995-06-07,1
1995-06-09,1
1995-06-13,1
1995-06-15,1
1995-06-19,1
1995-06-21,1
1995-06-23,1
1995-06-27,1
1995-06-29,1
1995-07-03,1
1995-07-06,1
1995-07-10,1
1995-07-12,1
1995-07-14,1
1995-07-18,1
1995-07-20,1
1995-07-24,1
1995-07-26,1
1995-07-28,1
1995-08-01,1
1995-08-03,1
1995-08-07,1
1995-08-09,1
1995-08-11,1
1995-08-15,1
1995-08-17,1
1995-08-21,1
1995-08-23,1
1995-08-25,1
1995-08-29,1
1995-08-31,1
1995-09-05,1
1995-09-07,1
1995-09-11,1
1995-09-13,1
1995-09-15,1
1995-09-19,1
1995-09-21,1
1995-09-25,1
1995-09-27,1
1995-09-29,1
1995-10-03,1
1995-10-05,1
1995-10-09,1
1995-10-11,1
1995-10-13,1
1995-10-17,1
1995-10-19,1
1995-10-23,1
1995-10-25,1
1995-10-27,1
1995-10-31,1
1995-11-02,1
1995-11-06,1
1995-11-08,1
1995-11-10,1
1995-11-14,1
1995-11-16,1
1995-11-20,1
1995-11-22,1
1995-11-27,1
1995-11-29,1
1995-12-01,1
1995-12-05,1
1995-12-07,1
1995-12-11,1
1995-12-13,1
1995-12-15,1
1995-12-19,1
1995-12-21,1
1995-12-26,1
1995-12-28,1
1996-01-02,1
1996-01-04,2
1996-01-08,2
1996-01-10,2
1996-01-12,2
1996-01-16,2
1996-01-18,2
1996-01-22,2
1996-01-24,2
1996-01-26,2
1996-01-30,2
1996-02-01,2
1996-02-05,2
1996-02-07,2
1996-02-09,2
1996-02-13,2
1996-02-15,2
1996-02-20,2
1996-02-22,2
1996-02-26,2
1996-02-28,2
1996-03-01,2
1996-03-05,2
1996-03-07,2
1996-03-11,2
1996-03-13,2
1996-03-15,2
1996-03-19,2
1996-03-21,2
1996-03-25,2
1996-03-27,2
1996-03-29,2
1996-04-02,2
1996-04-04,2
1996-04-09,2
1996-04-11,2
1996-04-15,2
1996-04-17,2
1996-04-19,2
1996-04-23,2
1996-04-25,2
1996-04-29,2
1996-05-01,2
1996-05-03,2
1996-05-07,2
1996-05-09,2
1996-05-13,2
1996-05-15,2
1996-05-17,2
1996-05-21,2
1996-05-23,2
1996-05-28,1
1996-05-30,1
1996-06-03,1
1996-06-05,1
1996-06-07,2
1996-06-11,1
1996-06-13,1
1996-06-17,1
1996-06-19,1
1996-06-21,1
1996-06-25,1
1996-06-27,1
1996-07-01,1
1996-07-03,1
1996-07-08,1
1996-07-10,1
1996-07-12,1
1996-07-16,1
1996-07-18,1
1996-07-22,1
1996-07-24,1
1996-07-26,1
1996-07-30,1
1996-08-01,1
1996-08-05,1
1996-08-07,1
1996-08-09,1
1996-08-13,1
1996-08-15,1
1996-08-19,1
1996-08-21,1
1996-08-23,1
1996-08-27,1
1996-08-29,1
1996-09-03,1
1996-09-05,1
1996-09-09,1
1996-09-11,1
1996-09-13,1
1996-09-17,1
1996-09-19,1
1996-09-23,1
1996-09-25,1
1996-09-27,1
1996-10-01,1
1996-10-03,1
1996-10-07,1
1996-10-09,1
1996-10-11,1
1996-10-15,1
1996-10-17,1
1996-10-21,1
1996-10-23,1
1996-10-25,1
1996-10-29,1
1996-10-31,1
1996-11-04,1
1996-11-06,1
1996-11-08,1
1996-11-12,1
1996-11-14,1
1996-11-18,1
1996-11-20,1
1996-11-22,1
1996-11-26,1
1996-11-29,1
1996-12-03,1
1996-12-05,1
1996-12-09,1
1996-12-11,1
1996-12-13,1
1996-12-17,1
1996-12-19,1
1996-12-23,1
1996-12-26,1
1996-12-30,1
1997-01-02,1
1997-01-06,1
1997-01-08,1
1997-01-10,1
1997-01-14,1
1997-01-16,1
1997-01-20,1
1997-01-22,1
1997-01-24,1
1997-01-28,1
1997-01-30,1
1997-02-03,1
1997-02-05,1
1997-02-07,1
1997-02-11,1
1997-02-13,1
1997-02-18,1
1997-02-20,1
1997-02-24,1
1997-02-26,1
1997-02-28,1
1997-03-04,1
1997-03-06,1
1997-03-10,1
1997-03-12,1
1997-03-14,1
1997-03-18,1
1997-03-20,1
1997-03-24,1
1997-03-26,1
1997-03-31,1
1997-04-02,1
1997-04-04,1
1997-04-08,1
1997-04-10,1
1997-04-14,1
1997-04-16,1
1997-04-18,1
1997-04-22,1
1997-04-24,1
1997-04-28,1
1997-04-30,1
1997-05-02,1
1997-05-06,1
1997-05-08,1
1997-05-12,1
1997-05-14,1
1997-05-16,1
1997-05-20,1
1997-05-22,1
1997-05-27,1
1997-05-29,1
1997-06-02,1
1997-06-04,1
1997-06-06,1
1997-06-10,1
1997-06-12,1
1997-06-16,1
1997-06-18,1
1997-06-20,1
1997-06-24,1
1997-06-26,1
1997-06-30,1
1997-07-02,1
1997-07-07,1
1997-07-09,1
1997-07-11,1
1997-07-15,1
1997-07-17,1
1997-07-21,1
1997-07-23,1
1997-07-25,1
1997-07-29,1
1997-07-31,1
1997-08-04,1
1997-08-06,1
1997-08-08,1
1997-08-12,1
1997-08-14,1
1997-08-18,1
1997-08-20,1
1997-08-22,1
1997-08-26,1
1997-08-28,1
1997-09-02,1
1997-09-04,1
1997-09-08,1
1997-09-10,1
1997-09-12,1
1997-09-16,1
1997-09-18,1
1997-09-22,1
1997-09-24,1
1997-09-26,1
1997-09-30,1
1997-10-02,1
1997-10-06,1
1997-10-08,1
1997-10-10,1
1997-10-14,1
1997-10-16,1
1997-10-20,1
1997-10-22,1
1997-10-24,1
1997-10-28,1
1997-10-30,1
1997-11-03,1
1997-11-05,1
1997-11-07,1
1997-11-11,1
1997-11-13,1
1997-11-17,1
1997-11-19,1
1997-11-21,1
1997-11-25,1
1997-11-28,1
1997-12-02,1
1997-12-04,1
1997-12-08,1
1997-12-10,1
1997-12-12,1
1997-12-16,1
1997-12-18,1
1997-12-22,1
1997-12-24,1
1997-12-29,1
1997-12-31,1
1998-01-05,1
1998-01-07,1
1998-01-09,1
1998-01-13,1
1998-01-15,1
1998-01-20,1
1998-01-22,1
1998-01-26,1
1998-01-28,1
1998-01-30,1
1998-02-03,1
1998-02-05,1
1998-02-09,1
1998-02-11,1
1998-02-13,1
1998-02-18,1
1998-02-20,1
1998-02-24,1
1998-02-26,1
1998-03-02,1
1998-03-04,1
1998-03-06,1
1998-03-10,1
1998-03-12,1
1998-03-16,1
1998-03-18,1
1998-03-20,1
1998-03-24,1
1998-03-26,1
1998-03-30,1
1998-04-01,1
1998-04-03,1
1998-04-07,1
1998-04-09,1
1998-04-14,1
1998-04-16,1
1998-04-20,1
1998-04-22,1
1998-04-24,1
1998-04-28,1
1998-04-30,1
1998-05-04,1
1998-05-06,1
1998-05-08,1
1998-05-12,1
1998-05-14,1
1998-05-18,1
1998-05-20,1
1998-05-22,1
1998-05-27,1
1998-05-29,1
1998-06-02,1
1998-06-04,1
1998-06-08,1
1998-06-10,1
1998-06-12,1
1998-06-16,1
1998-06-18,1
1998-06-22,1
1998-06-24,1
1998-06-26,1
1998-06-30,1
1998-07-02,1
1998-07-07,1
1998-07-09,1
1998-07-13,1
1998-07-15,1
1998-07-17,1
1998-07-21,1
1998-07-23,1
1998-07-27,1
1998-07-29,1
1998-07-31,1
1998-08-04,1
1998-08-06,1
1998-08-10,1
1998-08-12,1
1998-08-14,1
1998-08-18,1
1998-08-20,1
1998-08-24,1
1998-08-26,1
1998-08-28,1
1998-09-01,1
1998-09-03,1
1998-09-08,1
1998-09-10,1
1998-09-14,2
1998-09-16,2
1998-09-18,1
1998-09-22,1
1998-09-24,1
1998-09-28,1
1998-09-30,1
1998-10-02,1
1998-10-06,1
1998-10-08,1
1998-10-12,1
1998-10-14,1
1998-10-16,1
1998-10-20,1
1998-10-22,1
1998-10-26,1
1998-10-28,1
1998-10-30,1
1998-11-03,1
1998-11-05,1
1998-11-09,1
1998-11-11,2
1998-11-13,2
1998-11-17,2
1998-11-19,2
1998-11-23,2
1998-11-25,2
1998-11-30,2
1998-12-02,2
1998-12-04,2
1998-12-08,2
1998-12-10,2
1998-12-14,2
1998-12-16,2
1998-12-18,2
1998-12-22,2
1998-12-24,2
1998-12-29,2
1998-12-31,2
1999-01-05,2
1999-01-07,2
1999-01-11,2
1999-01-13,3
1999-01-15,3
1999-01-20,3
1999-01-22,3
1999-01-26,3
1999-01-28,3
1999-02-01,3
1999-02-03,3
1999-02-05,2
1999-02-09,3
1999-02-11,3
1999-02-16,3
1999-02-18,3
1999-02-22,2
1999-02-24,2
1999-02-26,4
1999-03-02,4
1999-03-04,4
1999-03-08,4
1999-03-10,4
1999-03-12,2
1999-03-16,3
1999-03-18,3
1999-03-22,3
1999-03-24,3
1999-03-26,3
1999-03-30,3
1999-04-01,3
1999-04-06,4
1999-04-08,3
1999-04-12,4
1999-04-14,3
1999-04-16,3
1999-04-20,3
1999-04-22,3
1999-04-26,3
1999-04-28,3
1999-04-30,3
1999-05-04,3
1999-05-06,3
1999-05-10,3
1999-05-12,3
1999-05-14,3
1999-05-18,3
1999-05-20,3
1999-05-24,3
1999-05-26,3
1999-05-28,3
1999-06-02,3
1999-06-04,3
1999-06-08,3
1999-06-10,3
1999-06-14,3
1999-06-16,3
1999-06-18,3
1999-06-22,3
1999-06-24,3
1999-06-28,1
1999-06-30,1
1999-07-02,3
1999-07-07,1
1999-07-09,3
1999-07-13,3
1999-07-15,1
1999-07-19,3
1999-07-21,3
1999-07-23,3
1999-07-27,3
1999-07-29,3
1999-08-02,3
1999-08-04,3
1999-08-06,3
1999-08-10,4
1999-08-12,4
1999-08-16,4
1999-08-18,4
1999-08-20,4
1999-08-24,4
1999-08-26,3
1999-08-30,3
1999-09-01,3
1999-09-03,3
1999-09-08,3
1999-09-10,3
1999-09-14,3
1999-09-16,3
1999-09-20,3
1999-09-22,3
1999-09-24,3
1999-09-28,3
1999-09-30,3
1999-10-04,3
1999-10-06,3
1999-10-08,4
1999-10-12,4
1999-10-14,3
1999-10-18,3
1999-10-20,3
1999-10-22,3
1999-10-26,3
1999-10-28,3
1999-11-01,3
1999-11-03,3
1999-11-05,3
1999-11-09,3
1999-11-11,1
1999-11-15,3
1999-11-17,3
1999-11-19,1
1999-11-23,3
1999-11-26,2
1999-11-30,3
1999-12-02,3
1999-12-06,3
1999-12-08,3
1999-12-10,3
1999-12-14,3
1999-12-16,3
1999-12-20,3
1999-12-22,3
1999-12-27,3
1999-12-29,3
1999-12-31,2
2000-01-04,2
2000-01-06,3
2000-01-10,5
2000-01-12,3
2000-01-14,3
2000-01-19,3
2000-01-21,3
2000-01-25,3
2000-01-27,3
2000-01-31,3
2000-02-02,3
2000-02-04,3
2000-02-08,3
2000-02-10,3
2000-02-14,3
2000-02-16,3
2000-02-18,3
2000-02-23,3
2000-02-25,3
2000-02-29,3
2000-03-02,3
2000-03-06,3
2000-03-08,3
2000-03-10,3
2000-03-14,3
2000-03-16,1
2000-03-20,1
2000-03-22,3
2000-03-24,3
2000-03-28,3
2000-03-30,1
2000-04-03,1
2000-04-05,2
2000-04-07,2
2000-04-11,1
2000-04-13,3
2000-04-17,2
2000-04-19,2
2000-04-24,2
2000-04-26,2
2000-04-28,2
2000-05-02,2
2000-05-04,2
2000-05-08,2
2000-05-10,2
2000-05-12,2
2000-05-16,2
2000-05-18,2
2000-05-22,2
2000-05-24,2
2000-05-26,2
2000-05-31,2
2000-06-02,2
2000-06-06,2
2000-06-08,2
2000-06-12,2
2000-06-14,2
2000-06-16,2
2000-06-20,2
2000-06-22,2
2000-06-26,2
2000-06-28,3
2000-06-30,2
2000-07-05,3
2000-07-07,3
2000-07-11,3
2000-07-13,3
2000-07-17,2
2000-07-19,2
2000-07-21,2
2000-07-25,1
2000-07-27,1
2000-07-31,1
2000-08-02,1
2000-08-04,1
2000-08-08,1
2000-08-10,1
2000-08-14,1
2000-08-16,1
2000-08-18,3
2000-08-22,1
2000-08-24,3
2000-08-28,3
2000-08-30,3
2000-09-01,3
2000-09-06,1
2000-09-08,1
2000-09-12,1
2000-09-14,1
2000-09-18,1
2000-09-20,3
2000-09-22,3
2000-09-26,3
2000-09-28,3
2000-10-02,1
2000-10-04,1
2000-10-06,1
2000-10-10,3
2000-10-12,1
2000-10-16,1
2000-10-18,3
2000-10-20,3
2000-10-24,3
2000-10-26,1
2000-10-30,1
2000-11-01,1
2000-11-03,1
2000-11-07,1
2000-11-09,1
2000-11-13,1
2000-11-15,3
2000-11-17,3
2000-11-21,3
2000-11-24,3
2000-11-28,3
2000-11-30,3
2000-12-04,2
2000-12-06,3
2000-12-08,2
2000-12-12,2
2000-12-14,2
2000-12-18,3
2000-12-20,3
2000-12-22,2
2000-12-27,2
2000-12-29,2
2001-01-03,3
2001-01-05,3
2001-01-09,3
2001-01-11,2
2001-01-16,2
2001-01-18,2
2001-01-22,2
2001-01-24,2
2001-01-26,2
2001-01-30,2
2001-02-01,3
2001-02-05,2
2001-02-07,2
2001-02-09,2
2001-02-13,2
2001-02-15,2
2001-02-20,2
2001-02-22,2
2001-02-26,2
2001-02-28,2
2001-03-02,2
2001-03-06,2
2001-03-08,2
2001-03-12,6
2001-03-14,6
2001-03-16,6
2001-03-20,6
2001-03-22,6
2001-03-26,6
2001-03-28,6
2001-03-30,2
2001-04-03,2
2001-04-05,2
2001-04-09,2
2001-04-11,1
2001-04-16,1
2001-04-18,1
2001-04-20,1
2001-04-24,1
2001-04-26,1
2001-04-30,1
2001-05-02,1
2001-05-04,1
2001-05-08,1
2001-05-10,1
2001-05-14,1
2001-05-16,1
2001-05-18,1
2001-05-22,1
2001-05-24,1
2001-05-29,6
2001-05-31,6
2001-06-04,6
2001-06-06,1
2001-06-08,1
2001-06-12,1
2001-06-14,1
2001-06-18,1
2001-06-20,7
2001-06-22,6
2001-06-26,1
2001-06-28,1
2001-07-02,1
2001-07-05,4
2001-07-09,2
2001-07-11,2
2001-07-13,2
2001-07-17,4
2001-07-19,2
2001-07-23,1
2001-07-25,1
2001-07-27,2
2001-07-31,2
2001-08-02,2
2001-08-06,2
2001-08-08,2
2001-08-10,2
2001-08-14,2
2001-08-16,2
2001-08-20,4
2001-08-22,4
2001-08-24,4
2001-08-28,4
2001-08-30,2
2001-09-04,2
2001-09-06,2
2001-09-10,2
2001-09-18,4
2001-09-20,4
2001-09-24,4
2001-09-26,4
2001-09-28,4
2001-10-02,4
2001-10-04,4
2001-10-08,4
2001-10-10,4
2001-10-12,2
2001-10-16,2
2001-10-18,5
2001-10-22,5
2001-10-24,4
2001-10-26,5
2001-10-30,5
2001-11-01,5
2001-11-05,5
2001-11-07,2
2001-11-09,2
2001-11-13,2
2001-11-15,5
2001-11-19,2
2001-11-21,1
2001-11-26,1
2001-11-28,1
2001-11-30,1
2001-12-04,1
2001-12-06,1
2001-12-10,1
2001-12-12,1
2001-12-14,1
2001-12-18,1
2001-12-20,1
2001-12-24,1
2001-12-27,1
2001-12-31,1
2002-01-03,1
2002-01-07,1
2002-01-09,1
2002-01-11,1
2002-01-15,1
2002-01-17,1
2002-01-22,1
2002-01-24,1
2002-01-28,1
2002-01-30,1
2002-02-01,1
2002-02-05,1
2002-02-07,2
2002-02-11,2
2002-02-13,2
2002-02-15,2
2002-02-20,2
2002-02-22,2
2002-02-26,2
2002-02-28,2
2002-03-04,2
2002-03-06,2
2002-03-08,5
2002-03-12,5
2002-03-14,5
2002-03-18,2
2002-03-20,5
2002-03-22,5
2002-03-26,2
2002-03-28,2
2002-04-02,2
2002-04-04,2
2002-04-08,2
2002-04-10,2
2002-04-12,2
2002-04-16,2
2002-04-18,2
2002-04-22,2
2002-04-24,2
2002-04-26,2
2002-04-30,2
2002-05-02,1
2002-05-06,1
2002-05-08,1
2002-05-10,1
2002-05-14,1
2002-05-16,1
2002-05-20,1
2002-05-22,1
2002-05-24,1
2002-05-29,1
2002-05-31,1
2002-06-04,1
2002-06-06,1
2002-06-10,1
2002-06-12,1
2002-06-14,2
2002-06-18,2
2002-06-20,2
2002-06-24,2
2002-06-26,2
2002-06-28,2
2002-07-02,2
2002-07-05,2
2002-07-09,2
2002-07-11,2
2002-07-15,2
2002-07-17,2
2002-07-19,2
2002-07-23,2
2002-07-25,2
2002-07-29,2
2002-07-31,1
2002-08-02,2
2002-08-06,2
2002-08-08,2
2002-08-12,2
2002-08-14,2
2002-08-16,2
2002-08-20,2
2002-08-22,2
2002-08-26,2
2002-08-28,2
2002-08-30,2
2002-09-04,1
2002-09-06,1
2002-09-10,1
2002-09-12,1
2002-09-16,1
2002-09-18,1
2002-09-20,1
2002-09-24,1
2002-09-26,1
2002-09-30,1
2002-10-02,1
2002-10-04,1
2002-10-08,2
2002-10-10,2
2002-10-14,2
2002-10-16,2
2002-10-18,2
2002-10-22,2
2002-10-24,2
2002-10-28,2
2002-10-30,2
2002-11-01,1
2002-11-05,1
2002-11-07,1
2002-11-11,1
2002-11-13,2
2002-11-15,2
2002-11-19,2
2002-11-21,2
2002-11-25,2
2002-11-27,2
2002-12-02,2
2002-12-04,2
2002-12-06,2
2002-12-10,2
2002-12-12,2
2002-12-16,2
2002-12-18,2
2002-12-20,2
2002-12-24,2
2002-12-27,2
2002-12-31,2
2003-01-03,1
2003-01-07,1
2003-01-09,1
2003-01-13,1
2003-01-15,1
2003-01-17,2
2003-01-22,2
2003-01-24,2
2003-01-28,1
2003-01-30,2
2003-02-03,1
2003-02-05,2
2003-02-07,1
2003-02-11,1
2003-02-13,1
2003-02-18,1
2003-02-20,1
2003-02-24,1
2003-02-26,1
2003-02-28,1
2003-03-04,1
2003-03-06,1
2003-03-10,1
2003-03-12,1
2003-03-14,1
2003-03-18,1
2003-03-20,1
2003-03-24,1
2003-03-26,1
2003-03-28,1
2003-04-01,1
2003-04-03,1
2003-04-07,1
2003-04-09,1
2003-04-11,1
2003-04-15,1
2003-04-17,1
2003-04-22,1
2003-04-24,1
2003-04-28,1
2003-04-30,1
2003-05-02,1
2003-05-06,1
2003-05-08,2
2003-05-12,1
2003-05-14,2
2003-05-16,2
2003-05-20,1
2003-05-22,2
2003-05-27,2
2003-05-29,1
2003-06-02,1
2003-06-04,1
2003-06-06,1
2003-06-10,1
2003-06-12,1
2003-06-16,1
2003-06-18,1
2003-06-20,1
2003-06-24,1
2003-06-26,1
2003-06-30,1
2003-07-02,1
2003-07-07,1
2003-07-09,1
2003-07-11,1
2003-07-15,1
2003-07-17,1
2003-07-21,1
2003-07-23,1
2003-07-25,1
2003-07-29,1
2003-07-31,1
2003-08-04,1
2003-08-06,1
2003-08-08,1
2003-08-12,1
2003-08-14,1
2003-08-18,1
2003-08-20,1
2003-08-22,1
2003-08-26,1
2003-08-28,1
2003-09-02,1
2003-09-04,1
2003-09-08,1
2003-09-10,1
2003-09-12,1
2003-09-16,1
2003-09-18,1
2003-09-22,1
2003-09-24,1
2003-09-26,1
2003-09-30,1
2003-10-02,1
2003-10-06,1
2003-10-08,1
2003-10-10,1
2003-10-14,1
2003-10-16,1
2003-10-20,2
2003-10-22,2
2003-10-24,1
2003-10-28,1
2003-10-30,2
2003-11-03,2
2003-11-05,2
2003-11-07,2
2003-11-11,2
2003-11-13,2
2003-11-17,2
2003-11-19,2
2003-11-21,2
2003-11-25,1
2003-11-28,2
2003-12-02,2
2003-12-04,2
2003-12-08,2
2003-12-10,2
2003-12-12,2
2003-12-16,2
2003-12-18,2
2003-12-22,2
2003-12-24,2
2003-12-29,2
2003-12-31,2
2004-01-05,2
2004-01-07,2
2004-01-09,2
2004-01-13,2
2004-01-15,2
2004-01-20,2
2004-01-22,2
2004-01-26,2
2004-01-28,2
2004-01-30,2
2004-02-03,2
2004-02-05,2
2004-02-09,2
2004-02-11,2
2004-02-13,2
2004-02-18,2
2004-02-20,2
2004-02-24,2
2004-02-26,2
2004-03-01,2
2004-03-03,2
2004-03-05,2
2004-03-09,2
2004-03-11,2
2004-03-15,2
2004-03-17,2
2004-03-19,2
2004-03-23,2
2004-03-25,1
2004-03-29,2
2004-03-31,1
2004-04-02,2
2004-04-06,1
2004-04-08,1
2004-04-13,1
2004-04-15,1
2004-04-19,1
2004-04-21,1
2004-04-23,1
2004-04-27,1
2004-04-29,1
2004-05-03,3
2004-05-05,1
2004-05-07,1
2004-05-11,1
2004-05-13,1
2004-05-17,1
2004-05-19,1
2004-05-21,1
2004-05-25,1
2004-05-27,1
2004-06-01,1
2004-06-03,1
2004-06-07,1
2004-06-09,1
2004-06-14,1
2004-06-16,1
2004-06-18,1
2004-06-22,1
2004-06-24,1
2004-06-28,1
2004-06-30,1
2004-07-02,1
2004-07-07,1
2004-07-09,1
2004-07-13,2
2004-07-15,1
2004-07-19,2
2004-07-21,2
2004-07-23,2
2004-07-27,2
2004-07-29,2
2004-08-02,2
2004-08-04,2
2004-08-06,2
2004-08-10,2
2004-08-12,2
2004-08-16,2
2004-08-18,1
2004-08-20,1
2004-08-24,1
2004-08-26,1
2004-08-30,1
2004-09-01,2
2004-09-03,1
2004-09-08,1
2004-09-10,2
2004-09-14,1
2004-09-16,1
2004-09-20,1
2004-09-22,1
2004-09-24,2
2004-09-28,1
2004-09-30,1
2004-10-04,1
2004-10-06,1
2004-10-08,1
2004-10-12,2
2004-10-14,2
2004-10-18,2
2004-10-20,1
2004-10-22,2
2004-10-26,2
2004-10-28,2
2004-11-01,1
2004-11-03,1
2004-11-05,1
2004-11-09,1
2004-11-11,1
2004-11-15,1
2004-11-17,3
2004-11-19,1
2004-11-23,1
2004-11-26,1
2004-11-30,3
2004-12-02,1
2004-12-06,3
2004-12-08,1
2004-12-10,1
2004-12-14,1
2004-12-16,1
2004-12-20,1
2004-12-22,1
2004-12-27,1
2004-12-29,1
2004-12-31,1
2005-01-04,2
2005-01-06,2
2005-01-10,2
2005-01-12,1
2005-01-14,1
2005-01-19,1
2005-01-21,1
2005-01-25,2
2005-01-27,2
2005-01-31,2
2005-02-02,3
2005-02-04,2
2005-02-08,2
2005-02-10,3
2005-02-14,2
2005-02-16,2
2005-02-18,2
2005-02-23,2
2005-02-25,2
2005-03-01,2
2005-03-03,2
2005-03-07,2
2005-03-09,2
2005-03-11,2
2005-03-15,2
2005-03-17,2
2005-03-21,2
2005-03-23,2
2005-03-28,2
2005-03-30,2
2005-04-01,1
2005-04-05,1
2005-04-07,1
2005-04-11,1
2005-04-13,1
2005-04-15,1
2005-04-19,1
2005-04-21,1
2005-04-25,1
2005-04-27,2
2005-04-29,2
2005-05-03,1
2005-05-05,1
2005-05-09,1
2005-05-11,1
2005-05-13,2
2005-05-17,1
2005-05-19,1
2005-05-23,1
2005-05-25,1
2005-05-27,1
2005-06-01,1
2005-06-03,1
2005-06-07,2
2005-06-09,1
2005-06-13,1
2005-06-15,1
2005-06-17,1
2005-06-21,1
2005-06-23,1
2005-06-27,1
2005-06-29,1
2005-07-01,1
2005-07-06,1
2005-07-08,1
2005-07-12,1
2005-07-14,1
2005-07-18,1
2005-07-20,1
2005-07-22,1
2005-07-26,1
2005-07-28,1
2005-08-01,1
2005-08-03,1
2005-08-05,1
2005-08-09,1
2005-08-11,1
2005-08-15,1
2005-08-17,1
2005-08-19,1
2005-08-23,1
2005-08-25,1
2005-08-29,1
2005-08-31,1
2005-09-02,1
2005-09-07,1
2005-09-09,1
2005-09-13,1
2005-09-15,1
2005-09-19,1
2005-09-21,1
2005-09-23,1
2005-09-27,1
2005-09-29,1
2005-10-03,1
2005-10-05,1
2005-10-07,1
2005-10-11,1
2005-10-13,1
2005-10-17,1
2005-10-19,1
2005-10-21,1
2005-10-25,1
2005-10-27,1
2005-10-31,1
2005-11-02,1
2005-11-04,1
2005-11-08,1
2005-11-10,1
2005-11-14,1
2005-11-16,1
2005-11-18,1
2005-11-22,1
2005-11-25,1
2005-11-29,1
2005-12-01,1
2005-12-05,1
2005-12-07,1
2005-12-09,1
2005-12-13,1
2005-12-15,1
2005-12-19,1
2005-12-21,1
2005-12-23,1
2005-12-28,1
2005-12-30,1
2006-01-04,1
2006-01-06,1
2006-01-10,1
2006-01-12,1
2006-01-17,1
2006-01-19,1
2006-01-23,1
2006-01-25,1
2006-01-27,1
2006-01-31,1
2006-02-02,1
2006-02-06,1
2006-02-08,1
2006-02-10,1
2006-02-14,1
2006-02-16,1
2006-02-21,1
2006-02-23,1
2006-02-27,1
2006-03-01,1
2006-03-03,1
2006-03-07,1
2006-03-09,1
2006-03-13,1
2006-03-15,1
2006-03-17,1
2006-03-21,1
2006-03-23,1
2006-03-27,1
2006-03-29,1
2006-03-31,1
2006-04-04,1
2006-04-06,1
2006-04-10,1
2006-04-12,1
2006-04-17,1
2006-04-19,1
2006-04-21,1
2006-04-25,1
2006-04-27,2
2006-05-01,2
2006-05-03,2
2006-05-05,2
2006-05-09,2
2006-05-11,2
2006-05-15,2
2006-05-17,2
2006-05-19,2
2006-05-23,1
2006-05-25,1
2006-05-30,1
2006-06-01,1
2006-06-05,1
2006-06-07,1
2006-06-09,1
2006-06-13,1
2006-06-15,1
2006-06-19,1
2006-06-21,1
2006-06-23,1
2006-06-27,1
2006-06-29,1
2006-07-03,1
2006-07-06,1
2006-07-10,1
2006-07-12,1
2006-07-14,1
2006-07-18,1
2006-07-20,1
2006-07-24,1
2006-07-26,1
2006-07-28,1
2006-08-01,1
2006-08-03,1
2006-08-07,1
2006-08-09,1
2006-08-11,1
2006-08-15,1
2006-08-17,1
2006-08-21,1
2006-08-23,1
2006-08-25,1
2006-08-29,1
2006-08-31,1
2006-09-05,1
2006-09-07,1
2006-09-11,1
2006-09-13,1
2006-09-15,1
2006-09-19,1
2006-09-21,1
2006-09-25,1
2006-09-27,1
2006-09-29,1
2006-10-03,1
2006-10-05,1
2006-10-09,1
2006-10-11,1
2006-10-13,1
2006-10-17,1
2006-10-19,1
2006-10-23,1
2006-10-25,1
2006-10-27,1
2006-10-31,1
2006-11-02,1
2006-11-06,1
2006-11-08,1
2006-11-10,1
2006-11-14,1
2006-11-16,1
2006-11-20,1
2006-11-22,1
2006-11-27,1
2006-11-29,1
2006-12-01,1
2006-12-05,1
2006-12-07,1
2006-12-11,1
2006-12-13,1
2006-12-15,1
2006-12-19,1
2006-12-21,1
2006-12-26,1
2006-12-28,1
2007-01-03,1
2007-01-05,1
2007-01-09,1
2007-01-11,1
2007-01-16,1
2007-01-18,1
2007-01-22,1
2007-01-24,1
2007-01-26,1
2007-01-30,1
2007-02-01,1
2007-02-05,1
2007-02-07,1
2007-02-09,1
2007-02-13,1
2007-02-15,1
2007-02-20,1
2007-02-22,1
2007-02-26,1
2007-02-28,1
2007-03-02,1
2007-03-06,1
2007-03-08,1
2007-03-12,1
2007-03-14,1
2007-03-16,1
2007-03-20,1
2007-03-22,1
2007-03-26,1
2007-03-28,1
2007-03-30,1
2007-04-03,1
2007-04-05,1
2007-04-10,1
2007-04-12,1
2007-04-16,1
2007-04-18,1
2007-04-20,1
2007-04-24,1
2007-04-26,1
2007-04-30,1
2007-05-02,1
2007-05-04,1
2007-05-08,1
2007-05-10,1
2007-05-14,1
2007-05-16,1
2007-05-18,1
2007-05-22,1
2007-05-24,1
2007-05-29,1
2007-05-31,1
2007-06-04,1
2007-06-06,1
2007-06-08,1
2007-06-12,1
2007-06-14,1
2007-06-18,1
2007-06-20,1
2007-06-22,1
2007-06-26,1
2007-06-28,1
2007-07-02,1
2007-07-05,1
2007-07-09,1
2007-07-11,1
2007-07-13,1
2007-07-17,1
2007-07-19,1
2007-07-23,1
2007-07-25,1
2007-07-27,1
2007-07-31,1
2007-08-02,1
2007-08-06,1
2007-08-08,1
2007-08-10,1
2007-08-14,1
2007-08-16,1
2007-08-20,1
2007-08-22,1
2007-08-24,1
2007-08-28,1
2007-08-30,1
2007-09-04,1
2007-09-06,1
2007-09-10,1
2007-09-12,1
2007-09-14,1
2007-09-18,1
2007-09-20,1
2007-09-24,1
2007-09-26,1
2007-09-28,1
2007-10-02,1
2007-10-04,1
2007-10-08,1
2007-10-10,1
2007-10-12,1
2007-10-16,1
2007-10-18,1
2007-10-22,1
2007-10-24,1
2007-10-26,1
2007-10-30,1
2007-11-01,1
2007-11-05,1
2007-11-07,1
2007-11-09,1
2007-11-13,1
2007-11-15,1
2007-11-19,1
2007-11-21,1
2007-11-26,1
2007-11-28,1
2007-11-30,1
2007-12-04,1
2007-12-06,1
2007-12-10,1
2007-12-12,1
2007-12-14,1
2007-12-18,1
2007-12-20,1
2007-12-24,1
2007-12-27,1
2007-12-31,1
2008-01-03,1
2008-01-07,1
2008-01-09,1
2008-01-11,1
2008-01-15,3
2008-01-17,3
2008-01-22,2
2008-01-24,1
2008-01-28,2
2008-01-30,1
2008-02-01,1
2008-02-05,2
2008-02-07,2
2008-02-11,2
2008-02-13,2
2008-02-15,3
2008-02-20,2
2008-02-22,2
2008-02-26,2
2008-02-28,2
2008-03-03,3
2008-03-05,3
2008-03-07,2
2008-03-11,3
2008-03-13,1
2008-03-17,1
2008-03-19,1
2008-03-24,3
2008-03-26,1
2008-03-28,1
2008-04-01,1
2008-04-03,1
2008-04-07,3
2008-04-09,3
2008-04-11,3
2008-04-15,4
2008-04-17,1
2008-04-21,4
2008-04-23,3
2008-04-25,3
2008-04-29,2
2008-05-01,1
2008-05-05,1
2008-05-07,1
2008-05-09,1
2008-05-13,1
2008-05-15,1
2008-05-19,2
2008-05-21,2
2008-05-23,1
2008-05-28,1
2008-05-30,1
2008-06-03,1
2008-06-05,1
2008-06-09,1
2008-06-11,1
2008-06-13,2
2008-06-17,1
2008-06-19,1
2008-06-23,1
2008-06-25,1
2008-06-27,2
2008-07-01,1
2008-07-03,1
2008-07-08,1
2008-07-10,1
2008-07-14,1
2008-07-16,2
2008-07-18,4
2008-07-22,2
2008-07-24,2
2008-07-28,2
2008-07-30,2
2008-08-01,2
2008-08-05,2
2008-08-07,2
2008-08-11,2
2008-08-13,2
2008-08-15,2
2008-08-19,2
2008-08-21,2
2008-08-25,2
2008-08-27,2
2008-08-29,2
2008-09-03,2
2008-09-05,5
2008-09-09,5
2008-09-11,2
2008-09-15,2
2008-09-17,2
2008-09-19,3
2008-09-23,2
2008-09-25,3
2008-09-29,2
2008-10-01,2
2008-10-03,2
2008-10-07,2
2008-10-09,2
2008-10-13,1
2008-10-15,2
2008-10-17,2
2008-10-21,2
2008-10-23,1
2008-10-27,1
2008-10-29,1
2008-10-31,1
2008-11-04,1
2008-11-06,1
2008-11-10,1
2008-11-12,1
2008-11-14,1
2008-11-18,1
2008-11-20,1
2008-11-24,2
2008-11-26,1
2008-12-01,1
2008-12-03,1
2008-12-05,1
2008-12-09,1
2008-12-11,1
2008-12-15,1
2008-12-17,1
2008-12-19,1
2008-12-23,1
2008-12-26,1
2008-12-30,1
2009-01-02,1
2009-01-06,1
2009-01-08,1
2009-01-12,1
2009-01-14,1
2009-01-16,1
2009-01-21,1
2009-01-23,1
2009-01-27,2
2009-01-29,3
2009-02-02,3
2009-02-04,3
2009-02-06,3
2009-02-10,3
2009-02-12,2
2009-02-17,3
2009-02-19,3
2009-02-23,2
2009-02-25,3
2009-02-27,3
2009-03-03,3
2009-03-05,3
2009-03-09,3
2009-03-11,3
2009-03-13,1
2009-03-17,2
2009-03-19,1
2009-03-23,2
2009-03-25,1
2009-03-27,3
2009-03-31,3
2009-04-02,4
2009-04-06,1
2009-04-08,3
2009-04-13,1
2009-04-15,1
2009-04-17,5
2009-04-21,3
2009-04-23,3
2009-04-27,3
2009-04-29,1
2009-05-01,3
2009-05-05,1
2009-05-07,3
2009-05-11,3
2009-05-13,1
2009-05-15,3
2009-05-19,1
2009-05-21,2
2009-05-26,3
2009-05-28,3
2009-06-01,3
2009-06-03,3
2009-06-05,2
2009-06-09,3
2009-06-11,2
2009-06-15,3
2009-06-17,3
2009-06-19,3
2009-06-23,2
2009-06-25,3
2009-06-29,3
2009-07-01,3
2009-07-06,1
2009-07-08,3
2009-07-10,1
2009-07-14,3
2009-07-16,3
2009-07-20,1
2009-07-22,1
2009-07-24,2
2009-07-28,3
2009-07-30,3
2009-08-03,1
2009-08-05,2
2009-08-07,2
2009-08-11,2
2009-08-13,2
2009-08-17,1
2009-08-19,3
2009-08-21,3
2009-08-25,3
2009-08-27,3
2009-08-31,3
2009-09-02,3
2009-09-04,2
2009-09-09,1
2009-09-11,3
2009-09-15,1
2009-09-17,3
2009-09-21,1
2009-09-23,3
2009-09-25,3
2009-09-29,3
2009-10-01,3
2009-10-05,3
2009-10-07,3
2009-10-09,3
2009-10-13,3
2009-10-15,1
2009-10-19,3
2009-10-21,1
2009-10-23,3
2009-10-27,1
2009-10-29,3
2009-11-02,3
2009-11-04,2
2009-11-06,1
2009-11-10,3
2009-11-12,3
2009-11-16,3
2009-11-18,3
2009-11-20,3
2009-11-24,3
2009-11-27,3
2009-12-01,2
2009-12-03,1
2009-12-07,1
2009-12-09,1
2009-12-11,3
2009-12-15,3
2009-12-17,3
2009-12-21,3
2009-12-23,1
2009-12-28,3
2009-12-30,3
2010-01-04,3
2010-01-06,2
2010-01-08,3
2010-01-12,3
2010-01-14,3
2010-01-19,1
2010-01-21,3
2010-01-25,2
2010-01-27,2
2010-01-29,4
2010-02-02,3
2010-02-04,1
2010-02-08,2
2010-02-10,2
2010-02-12,2
2010-02-17,3
2010-02-19,2
2010-02-23,1
2010-02-25,3
2010-03-01,3
2010-03-03,2
2010-03-05,1
2010-03-09,3
2010-03-11,2
2010-03-15,2
2010-03-17,1
2010-03-19,3
2010-03-23,1
2010-03-25,3
2010-03-29,1
2010-03-31,3
2010-04-05,1
2010-04-07,3
2010-04-09,3
2010-04-13,3
2010-04-15,1
2010-04-19,3
2010-04-21,3
2010-04-23,3
2010-04-27,3
2010-04-29,4
2010-05-03,2
2010-05-05,1
2010-05-07,1
2010-05-11,3
2010-05-13,1
2010-05-17,3
2010-05-19,3
2010-05-21,3
2010-05-25,1
2010-05-27,1
2010-06-01,1
2010-06-03,3
2010-06-07,4
2010-06-09,2
2010-06-11,3
2010-06-15,4
2010-06-17,3
2010-06-21,4
2010-06-23,4
2010-06-25,4
2010-06-29,4
2010-07-01,4
2010-07-06,4
2010-07-08,1
2010-07-12,4
2010-07-14,1
2010-07-16,1
2010-07-20,2
2010-07-22,4
2010-07-26,1
2010-07-28,1
2010-07-30,1
2010-08-03,2
2010-08-05,1
2010-08-09,1
2010-08-11,1
2010-08-13,1
2010-08-17,2
2010-08-19,1
2010-08-23,2
2010-08-25,1
2010-08-27,1
2010-08-31,1
2010-09-02,2
2010-09-07,2
2010-09-09,1
2010-09-13,1
2010-09-15,1
2010-09-17,4
2010-09-21,5
2010-09-23,1
2010-09-27,2
2010-09-29,1
2010-10-01,1
2010-10-05,1
2010-10-07,4
2010-10-11,3
2010-10-13,4
2010-10-15,1
2010-10-19,1
2010-10-21,1
2010-10-25,1
2010-10-27,1
2010-10-29,1
2010-11-02,2
2010-11-04,3
2010-11-08,1
2010-11-10,1
2010-11-12,3
2010-11-16,3
2010-11-18,3
2010-11-22,3
2010-11-24,1
2010-11-29,3
2010-12-01,3
2010-12-03,3
2010-12-07,2
2010-12-09,2
2010-12-13,3
2010-12-15,2
2010-12-17,2
2010-12-21,2
2010-12-23,2
2010-12-28,3
2010-12-30,1
2011-01-03,2
2011-01-05,1
2011-01-07,3
2011-01-11,2
2011-01-13,3
2011-01-18,3
2011-01-20,2
2011-01-24,3
2011-01-26,1
2011-01-28,3
2011-02-01,2
2011-02-03,3
2011-02-07,3
2011-02-09,3
2011-02-11,3
2011-02-15,4
2011-02-17,4
2011-02-22,2
2011-02-24,1
2011-02-28,1
2011-03-02,1
2011-03-04,1
2011-03-08,1
2011-03-10,1
2011-03-14,1
2011-03-16,1
2011-03-18,1
2011-03-22,1
2011-03-24,3
2011-03-28,3
2011-03-30,1
2011-04-01,2
2011-04-05,2
2011-04-07,2
2011-04-11,3
2011-04-13,1
2011-04-15,1
2011-04-19,1
2011-04-21,1
2011-04-26,1
2011-04-28,1
2011-05-02,3
2011-05-04,1
2011-05-06,3
2011-05-10,1
2011-05-12,2
2011-05-16,2
2011-05-18,1
2011-05-20,1
2011-05-24,1
2011-05-26,2
2011-05-31,2
2011-06-02,2
2011-06-06,1
2011-06-08,1
2011-06-10,1
2011-06-14,4
2011-06-16,5
2011-06-20,5
2011-06-22,1
2011-06-24,1
2011-06-28,3
2011-06-30,1
2011-07-05,1
2011-07-07,1
2011-07-11,3
2011-07-13,2
2011-07-15,2
2011-07-19,2
2011-07-21,1
2011-07-25,3
2011-07-27,1
2011-07-29,1
2011-08-02,5
2011-08-04,1
2011-08-08,2
2011-08-10,2
2011-08-12,2
2011-08-16,1
2011-08-18,1
2011-08-22,1
2011-08-24,1
2011-08-26,1
2011-08-30,1
2011-09-01,1
2011-09-06,1
2011-09-08,2
2011-09-12,1
2011-09-14,1
2011-09-16,1
2011-09-20,1
2011-09-22,1
2011-09-26,1
2011-09-28,1
2011-09-30,1
2011-10-04,1
2011-10-06,1
2011-10-10,1
2011-10-12,1
2011-10-14,1
2011-10-18,1
2011-10-20,1
2011-10-24,5
2011-10-26,6
2011-10-28,6
2011-11-01,1
2011-11-03,5
2011-11-07,2
2011-11-09,2
2011-11-11,1
2011-11-15,5
2011-11-17,1
2011-11-21,1
2011-11-23,2
2011-11-28,2
2011-11-30,2
2011-12-02,2
2011-12-06,5
2011-12-08,2
2011-12-12,4
2011-12-14,3
2011-12-16,5
2011-12-20,3
2011-12-22,3
2011-12-27,3
2011-12-29,3
2012-01-03,3
2012-01-05,4
2012-01-09,4
2012-01-11,3
2012-01-13,2
2012-01-18,3
2012-01-20,2
2012-01-24,4
2012-01-26,4
2012-01-30,3
2012-02-01,1
2012-02-03,3
2012-02-07,4
2012-02-09,3
2012-02-13,1
2012-02-15,4
2012-02-17,3
2012-02-22,3
2012-02-24,4
2012-02-28,1
2012-03-01,1
2012-03-05,1
2012-03-07,1
2012-03-09,1
2012-03-13,2
2012-03-15,2
2012-03-19,3
2012-03-21,3
2012-03-23,3
2012-03-27,5
2012-03-29,3
2012-04-02,5
2012-04-04,5
2012-04-09,1
2012-04-11,5
2012-04-13,3
2012-04-17,1
2012-04-19,3
2012-04-23,4
2012-04-25,4
2012-04-27,1
2012-05-01,1
2012-05-03,1
2012-05-07,1
2012-05-09,1
2012-05-11,2
2012-05-15,3
2012-05-17,2
2012-05-21,3
2012-05-23,2
2012-05-25,3
2012-05-30,2
2012-06-01,3
2012-06-05,3
2012-06-07,2
2012-06-11,1
2012-06-13,5
2012-06-15,5
2012-06-19,3
2012-06-21,2
2012-06-25,2
2012-06-27,3
2012-06-29,3
2012-07-03,2
2012-07-06,3
2012-07-10,3
2012-07-12,1
2012-07-16,2
2012-07-18,5
2012-07-20,1
2012-07-24,2
2012-07-26,2
2012-07-30,1
2012-08-01,2
2012-08-03,1
2012-08-07,2
2012-08-09,1
2012-08-13,2
2012-08-15,2
2012-08-17,1
2012-08-21,1
2012-08-23,2
2012-08-27,1
2012-08-29,2
2012-08-31,2
2012-09-05,2
2012-09-07,2
2012-09-11,2
2012-09-13,2
2012-09-17,2
2012-09-19,2
2012-09-21,2
2012-09-25,2
2012-09-27,1
2012-10-01,1
2012-10-03,2
2012-10-05,2
2012-10-09,2
2012-10-11,2
2012-10-15,1
2012-10-17,1
2012-10-19,2
2012-10-23,2
2012-10-25,1
2012-10-31,1
2012-11-02,1
2012-11-06,3
2012-11-08,2
2012-11-12,2
2012-11-14,3
2012-11-16,3
2012-11-20,2
2012-11-23,3
2012-11-27,3
2012-11-29,3
2012-12-03,2
2012-12-05,3
2012-12-07,3
2012-12-11,1
2012-12-13,3
2012-12-17,1
2012-12-19,3
2012-12-21,3
2012-12-26,3
2012-12-28,1
2013-01-02,3
2013-01-04,3
2013-01-08,3
2013-01-10,2
2013-01-14,3
2013-01-16,1
2013-01-18,3
2013-01-23,1
2013-01-25,3
2013-01-29,2
2013-01-31,1
2013-02-04,1
2013-02-06,3
2013-02-08,1
2013-02-12,3
2013-02-14,3
2013-02-19,3
2013-02-21,1
2013-02-25,3
2013-02-27,3
2013-03-01,3
2013-03-05,3
2013-03-07,2
2013-03-11,1
2013-03-13,3
2013-03-15,4
2013-03-19,2
2013-03-21,4
2013-03-25,1
2013-03-27,3
2013-04-01,2
2013-04-03,2
2013-04-05,2
2013-04-09,1
2013-04-11,3
2013-04-15,2
2013-04-17,3
2013-04-19,2
2013-04-23,1
2013-04-25,2
2013-04-29,2
2013-05-01,1
2013-05-03,3
2013-05-07,2
2013-05-09,2
2013-05-13,3
2013-05-15,3
2013-05-17,1
2013-05-21,1
2013-05-23,3
2013-05-28,1
2013-05-30,3
2013-06-03,3
2013-06-05,2
2013-06-07,2
2013-06-11,2
2013-06-13,4
2013-06-17,3
2013-06-19,2
2013-06-21,4
2013-06-25,3
2013-06-27,2
2013-07-01,2
2013-07-03,3
2013-07-08,1
2013-07-10,3
2013-07-12,3
2013-07-16,1
2013-07-18,3
2013-07-22,1
2013-07-24,3
2013-07-26,2
2013-07-30,1
2013-08-01,2
2013-08-05,1
2013-08-07,2
2013-08-09,2
2013-08-13,3
2013-08-15,1
2013-08-19,1
2013-08-21,2
2013-08-23,2
2013-08-27,2
2013-08-29,1
2013-09-03,2
2013-09-05,2
2013-09-09,2
2013-09-11,1
2013-09-13,2
2013-09-17,1
2013-09-19,1
2013-09-23,1
2013-09-25,1
2013-09-27,1
2013-10-01,1
2013-10-03,1
2013-10-07,1
2013-10-09,1
2013-10-11,1
2013-10-15,1
2013-10-17,1
2013-10-21,1
2013-10-23,1
2013-10-25,1
2013-10-29,1
2013-10-31,1
2013-11-04,1
2013-11-06,1
2013-11-08,1
2013-11-12,1
2013-11-14,1
2013-11-18,1
2013-11-20,1
2013-11-22,1
2013-11-26,1
2013-11-29,1
2013-12-03,1
2013-12-05,1
2013-12-09,1
2013-12-11,1
2013-12-13,1
2013-12-17,1
2013-12-19,1
2013-12-23,1
2013-12-26,1
2013-12-30,1
2014-01-02,1
2014-01-06,1
2014-01-08,1
2014-01-10,1
2014-01-14,1
2014-01-16,1
2014-01-21,1
2014-01-23,1
2014-01-27,1
2014-01-29,1
2014-01-31,1
2014-02-04,1
2014-02-06,1
2014-02-10,1
2014-02-12,1
2014-02-14,1
2014-02-19,1
2014-02-21,1
2014-02-25,1
2014-02-27,1
2014-03-03,1
2014-03-05,1
2014-03-07,1
2014-03-11,1
2014-03-13,1
2014-03-17,1
2014-03-19,1
2014-03-21,1
2014-03-25,1
2014-03-27,1
2014-03-31,1
2014-04-02,1
2014-04-04,1
2014-04-08,1
2014-04-10,1
2014-04-14,1
2014-04-16,1
2014-04-21,1
2014-04-23,1
2014-04-25,2
2014-04-29,2
2014-05-01,2
2014-05-05,2
2014-05-07,2
2014-05-09,2
2014-05-13,2
2014-05-15,1
2014-05-19,1
2014-05-21,1
2014-05-23,1
2014-05-28,1
2014-05-30,1
2014-06-03,1
2014-06-05,1
2014-06-09,1
2014-06-11,1
2014-06-13,1
2014-06-17,1
2014-06-19,1
2014-06-23,1
2014-06-25,1
2014-06-27,1
2014-07-01,1
2014-07-03,1
2014-07-08,1
2014-07-10,1
2014-07-14,1
2014-07-16,1
2014-07-18,1
2014-07-22,1
2014-07-24,1
2014-07-28,1
2014-07-30,1
2014-08-01,1
2014-08-05,1
2014-08-07,1
2014-08-11,1
2014-08-13,1
2014-08-15,1
2014-08-19,1
2014-08-21,1
2014-08-25,1
2014-08-27,1
2014-08-29,1
2014-09-03,1
2014-09-05,1
2014-09-09,1
2014-09-11,1
2014-09-15,1
2014-09-17,1
2014-09-19,1
2014-09-23,1
2014-09-25,1
2014-09-29,1
2014-10-01,1
2014-10-03,1
2014-10-07,1
2014-10-09,1
2014-10-13,1
2014-10-15,1
2014-10-17,1
2014-10-21,1
2014-10-23,1
2014-10-27,1
2014-10-29,1
2014-10-31,1
2014-11-04,1
2014-11-06,1
2014-11-10,1
2014-11-12,1
2014-11-14,1
2014-11-18,1
2014-11-20,1
2014-11-24,1
2014-11-26,1
2014-12-01,1
2014-12-03,1
2014-12-05,1
2014-12-09,1
2014-12-11,1
2014-12-15,1
2014-12-17,1
2014-12-19,1
2014-12-23,1
2014-12-26,1
2014-12-30,1
2015-01-02,1
2015-01-06,1
2015-01-08,1
2015-01-12,1
2015-01-14,1
2015-01-16,1
2015-01-21,1
2015-01-23,1
2015-01-27,1
2015-01-29,1
2015-02-02,1
2015-02-04,1
2015-02-06,1
2015-02-10,1
2015-02-12,1
2015-02-17,1
2015-02-19,1
2015-02-23,1
2015-02-25,1
2015-02-27,1
2015-03-03,1
2015-03-05,1
2015-03-09,1
2015-03-11,1
2015-03-13,1
2015-03-17,1
2015-03-19,1
2015-03-23,1
2015-03-25,1
2015-03-27,1
2015-03-31,1
2015-04-02,1
2015-04-07,1
2015-04-09,1
2015-04-13,1
2015-04-15,1
2015-04-17,1
2015-04-21,1
2015-04-23,1
2015-04-27,1
2015-04-29,1
2015-05-01,1
2015-05-05,2
2015-05-07,2
2015-05-11,2
2015-05-13,2
2015-05-15,2
2015-05-19,2
2015-05-21,2
2015-05-26,2
2015-05-28,1
2015-06-01,1
2015-06-03,2
2015-06-05,2
2015-06-09,2
2015-06-11,2
2015-06-15,2
2015-06-17,2
2015-06-19,2
2015-06-23,2
2015-06-25,2
2015-06-29,2
2015-07-01,2
2015-07-06,2
2015-07-08,2
2015-07-10,2
2015-07-14,2
2015-07-16,2
2015-07-20,2
2015-07-22,2
2015-07-24,2
2015-07-28,2
2015-07-30,2
2015-08-03,2
2015-08-05,2
2015-08-07,2
2015-08-11,2
2015-08-13,2
2015-08-17,2
2015-08-19,2
2015-08-21,2
2015-08-25,2
2015-08-27,2
2015-08-31,4
2015-09-02,2
2015-09-04,4
2015-09-09,2
2015-09-11,2
2015-09-15,2
2015-09-17,4
2015-09-21,4
2015-09-23,4
2015-09-25,4
2015-09-29,4
2015-10-01,4
2015-10-05,4
2015-10-07,4
2015-10-09,4
2015-10-13,4
2015-10-15,4
2015-10-19,4
2015-10-21,4
2015-10-23,3
2015-10-27,4
2015-10-29,1
2015-11-02,4
2015-11-04,4
2015-11-06,4
2015-11-10,2
2015-11-12,2
2015-11-16,2
2015-11-18,2
2015-11-20,2
2015-11-24,2
2015-11-27,2
2015-12-01,2
2015-12-03,2
2015-12-07,2
2015-12-09,4
2015-12-11,1
2015-12-15,1
2015-12-17,1
2015-12-21,1
2015-12-23,1
2015-12-28,1
2015-12-30,1
2016-01-04,1
2016-01-06,1
2016-01-08,1
2016-01-12,1
2016-01-14,1
2016-01-19,1
2016-01-21,3
2016-01-25,2
2016-01-27,2
2016-01-29,1
2016-02-02,1
2016-02-04,2
2016-02-08,2
2016-02-10,1
2016-02-12,1
2016-02-17,1
2016-02-19,1
2016-02-23,1
2016-02-25,1
2016-02-29,1
2016-03-02,1
2016-03-04,1
2016-03-08,1
2016-03-10,1
2016-03-14,1
2016-03-16,1
2016-03-18,1
2016-03-22,1
2016-03-24,1
2016-03-29,1
2016-03-31,1
2016-04-04,1
2016-04-06,1
2016-04-08,1
2016-04-12,1
2016-04-14,1
2016-04-18,1
2016-04-20,1
2016-04-22,1
2016-04-26,1
2016-04-28,1
2016-05-02,1
2016-05-04,1
2016-05-06,1
2016-05-10,1
2016-05-12,1
2016-05-16,1
2016-05-18,1
2016-05-20,1
2016-05-24,1
2016-05-26,1
2016-05-31,1
2016-06-02,1
2016-06-06,1
2016-06-08,1
2016-06-10,1
2016-06-14,1
2016-06-16,1
2016-06-20,1
2016-06-22,1
2016-06-24,1
2016-06-28,1
2016-06-30,1
2016-07-05,1
2016-07-07,1
2016-07-11,1
2016-07-13,1
2016-07-15,1
2016-07-19,1
2016-07-21,1
2016-07-25,1
2016-07-27,1
2016-07-29,1
2016-08-02,1
2016-08-04,1
2016-08-08,1
2016-08-10,1
2016-08-12,1
2016-08-16,1
2016-08-18,1
2016-08-22,1
2016-08-24,1
2016-08-26,1
2016-08-30,1
2016-09-01,1
2016-09-06,1
2016-09-08,1
2016-09-12,1
2016-09-14,1
2016-09-16,1
2016-09-20,1
2016-09-22,1
2016-09-26,1
2016-09-28,1
2016-09-30,1
2016-10-04,1
2016-10-06,1
2016-10-10,1
2016-10-12,1
2016-10-14,1
2016-10-18,1
2016-10-20,1
2016-10-24,1
2016-10-26,1
2016-10-28,1
2016-11-01,1
2016-11-03,1
2016-11-07,1
2016-11-09,1
2016-11-11,1
2016-11-15,1
2016-11-17,1
2016-11-21,1
2016-11-23,1
2016-11-28,1
2016-11-30,1
2016-12-02,1
2016-12-06,1
2016-12-08,2
2016-12-12,1
2016-12-14,1
2016-12-16,1
2016-12-20,1
2016-12-22,1
2016-12-27,1
2016-12-29,1
2017-01-03,1
2017-01-05,1
2017-01-09,1
2017-01-11,1
2017-01-13,1
2017-01-18,1
2017-01-20,1
2017-01-24,1
2017-01-26,1
2017-01-30,1
2017-02-01,1
2017-02-03,1
2017-02-07,1
2017-02-09,3
2017-02-13,1
2017-02-15,1
2017-02-17,1
2017-02-22,1
2017-02-24,1
2017-02-28,1
2017-03-02,1
2017-03-06,1
2017-03-08,1
2017-03-10,1
2017-03-14,1
2017-03-16,1
2017-03-20,1
2017-03-22,1
2017-03-24,1
2017-03-28,1
2017-03-30,1
2017-04-03,1
2017-04-05,1
2017-04-07,1
2017-04-11,1
2017-04-13,1
2017-04-18,1
2017-04-20,1
2017-04-24,1
2017-04-26,1
2017-04-28,1
2017-05-02,1
2017-05-04,1
2017-05-08,1
2017-05-10,1
2017-05-12,1
2017-05-16,1
2017-05-18,1
2017-05-22,1
2017-05-24,1
2017-05-26,1
2017-05-31,1
2017-06-02,1
2017-06-06,1
2017-06-08,1
2017-06-12,1
2017-06-14,1
2017-06-16,1
2017-06-20,1
2017-06-22,1
2017-06-26,1
2017-06-28,1
2017-06-30,1
2017-07-05,1
2017-07-07,1
2017-07-11,1
2017-07-13,1
2017-07-17,2
2017-07-19,2
2017-07-21,2
2017-07-25,2
2017-07-27,2
2017-07-31,1
2017-08-02,1
2017-08-04,1
2017-08-08,1
2017-08-10,1
2017-08-14,1
2017-08-16,1
2017-08-18,1
2017-08-22,2
2017-08-24,2
2017-08-28,1
2017-08-30,2
2017-09-01,2
2017-09-06,2
2017-09-08,1
2017-09-12,1
2017-09-14,1
2017-09-18,1
2017-09-20,1
2017-09-22,1
2017-09-26,1
2017-09-28,1
2017-10-02,1
2017-10-04,1
2017-10-06,1
2017-10-10,1
2017-10-12,1
2017-10-16,1
2017-10-18,1
2017-10-20,1
2017-10-24,1
2017-10-26,1
2017-10-30,1
2017-11-01,1
2017-11-03,1
2017-11-07,1
2017-11-09,1
2017-11-13,1
2017-11-15,1
2017-11-17,1
2017-11-21,1
2017-11-24,1
2017-11-28,1
2017-11-30,2
2017-12-04,2
2017-12-06,2
2017-12-08,2
2017-12-12,2
2017-12-14,2
2017-12-18,2
2017-12-20,2
2017-12-22,2
2017-12-27,2
2017-12-29,1
2018-01-03,1
2018-01-05,1
2018-01-09,1
2018-01-11,1
2018-01-16,1
2018-01-18,2
2018-01-22,2
2018-01-24,1
2018-01-26,1
2018-01-30,1
2018-02-01,1
2018-02-05,2
2018-02-07,2
2018-02-09,2
2018-02-13,2
2018-02-15,2
2018-02-20,2
2018-02-22,2
2018-02-26,2
2018-02-28,2
2018-03-02,2
2018-03-06,2
2018-03-08,2
2018-03-12,2
2018-03-14,2
2018-03-16,2
2018-03-20,2
2018-03-22,2
2018-03-26,2
2018-03-28,2
2018-04-02,2
2018-04-04,2
2018-04-06,2
2018-04-10,2
2018-04-12,2
2018-04-16,2
2018-04-18,2
2018-04-20,2
2018-04-24,2
2018-04-26,2
2018-04-30,2
2018-05-02,2
2018-05-04,2
2018-05-08,2
2018-05-10,2
2018-05-14,2
2018-05-16,2
2018-05-18,2
2018-05-22,2
2018-05-24,2
2018-05-29,2
2018-05-31,2
2018-06-04,2
2018-06-06,2
2018-06-08,2
2018-06-12,2
2018-06-14,2
2018-06-18,2
2018-06-20,2
2018-06-22,2
2018-06-26,2
2018-06-28,2
2018-07-02,1
2018-07-05,1
2018-07-09,1
2018-07-11,1
2018-07-13,1
2018-07-17,1
2018-07-19,2
2018-07-23,2
2018-07-25,2
2018-07-27,2
2018-07-31,2
2018-08-02,2
2018-08-06,2
2018-08-08,2
2018-08-10,2
2018-08-14,2
2018-08-16,2
2018-08-20,1
2018-08-22,1
2018-08-24,1
2018-08-28,1
2018-08-30,1
2018-09-04,1
2018-09-06,1
2018-09-10,1
2018-09-12,1
2018-09-14,1
2018-09-18,1
2018-09-20,1
2018-09-24,1
2018-09-26,1
2018-09-28,1
2018-10-02,2
2018-10-04,2
2018-10-08,3
2018-10-10,2
2018-10-12,2
2018-10-16,2
2018-10-18,2
2018-10-22,2
2018-10-24,2
2018-10-26,2
2018-10-30,1
2018-11-01,1
2018-11-05,1
2018-11-07,1
2018-11-09,1
2018-11-13,2
2018-11-15,1
2018-11-19,1
2018-11-21,1
2018-11-26,1
2018-11-28,1
2018-11-30,1
2018-12-04,1
2018-12-07,1
2018-12-11,1
2018-12-13,1
2018-12-17,1
2018-12-19,1
2018-12-21,2
2018-12-26,2
2018-12-28,2
2019-01-02,2
2019-01-04,2
2019-01-08,2
2019-01-10,2
2019-01-14,2
2019-01-16,2
2019-01-18,2
2019-01-23,2
2019-01-25,2
2019-01-29,2
2019-01-31,2
2019-02-04,2
2019-02-06,2
2019-02-08,2
2019-02-12,2
2019-02-14,2
2019-02-19,2
2019-02-21,1
2019-02-25,2
2019-02-27,2
2019-03-01,2
2019-03-05,2
2019-03-07,2
2019-03-11,2
2019-03-13,2
2019-03-15,2
2019-03-19,2
2019-03-21,2
2019-03-25,2
2019-03-27,2
2019-03-29,2
2019-04-02,2
2019-04-04,2
2019-04-08,2
2019-04-10,2
2019-04-12,2
2019-04-16,2
2019-04-18,2
2019-04-23,2
2019-04-25,2
2019-04-29,2
2019-05-01,2
2019-05-03,2
2019-05-07,2
2019-05-09,2
2019-05-13,2
2019-05-15,2
2019-05-17,2
2019-05-21,2
2019-05-23,2
2019-05-28,2
2019-05-30,2
2019-06-03,2
2019-06-05,2
2019-06-07,2
2019-06-11,2
2019-06-13,2
2019-06-17,2
2019-06-19,2
2019-06-21,2
2019-06-25,2
2019-06-27,2
2019-07-01,2
2019-07-03,2
2019-07-08,2
2019-07-10,2
2019-07-12,2
2019-07-16,2
2019-07-18,2
2019-07-22,2
2019-07-24,2
2019-07-26,2
2019-07-30,2
2019-08-01,2
2019-08-05,2
2019-08-07,1
2019-08-09,2
2019-08-13,2
2019-08-15,2
2019-08-19,2
2019-08-21,2
2019-08-23,2
2019-08-27,2
2019-08-29,2
2019-09-03,2
2019-09-05,1
2019-09-09,2
2019-09-11,2
2019-09-13,2
2019-09-17,2
2019-09-19,2
2019-09-23,3
2019-09-25,3
2019-09-27,2
2019-10-01,2
2019-10-03,2
2019-10-07,2
2019-10-09,2
2019-10-11,2
2019-10-15,2
2019-10-17,2
2019-10-21,2
2019-10-23,2
2019-10-25,2
2019-10-29,2
2019-10-31,2
2019-11-04,2
2019-11-06,2
2019-11-08,2
2019-11-12,2
2019-11-14,2
2019-11-18,2
2019-11-20,2
2019-11-22,2
2019-11-26,2
2019-11-29,2
2019-12-03,2
2019-12-05,2
2019-12-09,2
2019-12-11,2
2019-12-13,2
2019-12-17,2
2019-12-19,2
2019-12-23,2
2019-12-26,2
2019-12-30,2
2020-01-02,2
2020-01-06,2
2020-01-08,2
2020-01-10,2
2020-01-14,2
2020-01-16,2
2020-01-21,2
2020-01-23,2
2020-01-27,2
2020-01-29,2
2020-01-31,2
2020-02-04,2
2020-02-06,1
2020-02-10,2
2020-02-12,2
2020-02-14,1
2020-02-19,2
2020-02-21,2
2020-02-25,2
2020-02-27,2
2020-03-02,2
2020-03-04,2
2020-03-06,1
2020-03-10,2
2020-03-12,2
2020-03-16,1
2020-03-18,2
2020-03-20,2
2020-03-24,3
2020-03-26,2
2020-03-30,2
2020-04-01,3
2020-04-03,3
2020-04-07,3
2020-04-09,3
2020-04-14,3
2020-04-16,2
2020-04-20,2
2020-04-22,2
2020-04-24,2
2020-04-28,2
2020-04-30,1
2020-05-04,1
2020-05-06,1
2020-05-08,1
2020-05-12,1
2020-05-14,1
2020-05-18,1
2020-05-20,2
2020-05-22,1
2020-05-27,2
2020-05-29,2
2020-06-02,2
2020-06-04,2
2020-06-08,2
2020-06-10,2
2020-06-12,2
2020-06-16,2
2020-06-18,1
2020-06-22,2
2020-06-24,1
2020-06-26,2
2020-06-30,2
2020-07-02,4
2020-07-07,1
2020-07-09,2
2020-07-13,1
2020-07-15,1
2020-07-17,1
2020-07-21,1
2020-07-23,1
2020-07-27,1
2020-07-29,1
2020-07-31,1
2020-08-04,1
2020-08-06,1
2020-08-10,1
2020-08-12,1
2020-08-14,1
2020-08-18,1
2020-08-20,1
2020-08-24,1
2020-08-26,1
2020-08-28,1
2020-09-01,1
2020-09-03,1
2020-09-08,1
2020-09-10,1
2020-09-14,1
2020-09-16,1
2020-09-18,1
2020-09-22,1
2020-09-24,1
2020-09-28,1
2020-09-30,1
2020-10-02,1
2020-10-06,1
2020-10-08,1
2020-10-12,1
2020-10-14,1
2020-10-16,1
2020-10-20,1
2020-10-22,1
2020-10-26,1
2020-10-28,1
2020-10-30,1
2020-11-03,1
2020-11-05,1
2020-11-09,1
2020-11-11,1
2020-11-13,1
2020-11-17,1
2020-11-19,1
2020-11-23,1
2020-11-25,1
2020-11-30,1
2020-12-02,1
2020-12-04,1
2020-12-08,1
2020-12-10,1
2020-12-14,1
2020-12-16,1
2020-12-18,1
2020-12-22,1
2020-12-24,1
2020-12-29,1
2020-12-31,1
2021-01-05,1
2021-01-07,1
2021-01-11,1
2021-01-13,1
2021-01-15,1
2021-01-20,1
2021-01-22,1
2021-01-26,1
2021-01-28,1
2021-02-01,1
2021-02-03,2
2021-02-05,1
2021-02-09,1
2021-02-11,1
2021-02-16,1
2021-02-18,1
2021-02-22,1
2021-02-24,1
2021-02-26,1
2021-03-02,1
2021-03-04,2
2021-03-08,1
2021-03-10,1
2021-03-12,2
2021-03-16,1
2021-03-18,1
2021-03-22,1
2021-03-24,1
2021-03-26,1
2021-03-30,1
2021-04-01,2
2021-04-06,1
2021-04-08,1
2021-04-12,2
2021-04-14,1
2021-04-16,1
2021-04-20,1
2021-04-22,1
2021-04-26,1
2021-04-28,1
2021-04-30,1
2021-05-04,1
2021-05-06,1
2021-05-10,1
2021-05-12,2
2021-05-14,1
2021-05-18,1
2021-05-20,2
2021-05-24,2
2021-05-26,3
2021-05-28,2
2021-06-02,1
2021-06-04,2
2021-06-08,2
2021-06-10,1
2021-06-14,1
2021-06-16,1
2021-06-18,2
2021-06-22,1
2021-06-24,1
2021-06-28,1
2021-06-30,1
2021-07-02,1
2021-07-07,1
2021-07-09,1
2021-07-13,1
2021-07-15,1
2021-07-19,1
2021-07-21,1
2021-07-23,1
2021-07-27,1
2021-07-29,1
2021-08-02,1
2021-08-04,1
2021-08-06,1
2021-08-10,1
2021-08-12,1
2021-08-16,1
2021-08-18,1
2021-08-20,1
2021-08-24,1
2021-08-26,1
2021-08-30,1
2021-09-01,1
2021-09-03,1
2021-09-08,1
2021-09-10,1
2021-09-14,1
2021-09-16,1
2021-09-20,1
2021-09-22,1
2021-09-24,1
2021-09-28,1
2021-09-30,1
2021-10-04,1
2021-10-06,1
2021-10-08,1
2021-10-12,2
2021-10-14,1
2021-10-18,2
2021-10-20,1
2021-10-22,1
2021-10-26,1
2021-10-28,1
2021-11-01,1
2021-11-03,1
2021-11-05,1
2021-11-09,1
2021-11-11,1
2021-11-15,1
2021-11-17,1
2021-11-19,1
2021-11-23,1
2021-11-26,3
2021-11-30,3
2021-12-02,1
2021-12-06,1
2021-12-08,1
2021-12-10,1
2021-12-14,1
2021-12-16,1
2021-12-20,1
2021-12-22,1
2021-12-27,1
2021-12-29,1
2021-12-31,1
2022-01-04,1
2022-01-06,1
2022-01-10,1
2022-01-12,1
2022-01-14,1
2022-01-19,1
2022-01-21,1
2022-01-25,3
2022-01-27,1
2022-01-31,1
2022-02-02,3
2022-02-04,1
2022-02-08,1
2022-02-10,2
2022-02-14,1
2022-02-16,1
2022-02-18,1
2022-02-23,1
2022-02-25,1
2022-03-01,1
2022-03-03,3
2022-03-07,2
2022-03-09,1
2022-03-11,1
2022-03-15,1
2022-03-17,1
2022-03-21,1
2022-03-23,1
2022-03-25,1
2022-03-29,1
2022-03-31,1
2022-04-04,1
2022-04-06,1
2022-04-08,1
2022-04-12,1
2022-04-14,1
2022-04-19,1
2022-04-21,1
2022-04-25,1
2022-04-27,1
2022-04-29,1
2022-05-03,1
2022-05-05,1
2022-05-09,1
2022-05-11,1
2022-05-13,1
2022-05-17,1
2022-05-19,1
2022-05-23,1
2022-05-25,1
2022-05-27,1
2022-06-01,1
2022-06-03,1
2022-06-07,1
2022-06-09,2
2022-06-13,1
2022-06-15,1
2022-06-17,2
2022-06-22,2
2022-06-24,1
2022-06-28,1
2022-06-30,1
2022-07-05,1
2022-07-07,1
2022-07-11,1
2022-07-13,1
2022-07-15,1
2022-07-19,2
2022-07-21,1
2022-07-25,1
2022-07-27,1
2022-07-29,1
2022-08-02,2
2022-08-04,2
2022-08-08,1
2022-08-10,1
2022-08-12,2
2022-08-16,2
2022-08-18,2
2022-08-22,3
2022-08-24,2
2022-08-26,2
2022-08-30,1
2022-09-01,1
2022-09-06,1
2022-09-08,1
2022-09-12,1
2022-09-14,1
2022-09-16,1
2022-09-20,2
2022-09-22,1
2022-09-26,1
2022-09-28,1
2022-09-30,1
2022-10-04,1
2022-10-06,1
2022-10-10,1
2022-10-12,1
2022-10-14,1
2022-10-18,1
2022-10-20,1
2022-10-24,1
2022-10-26,1
2022-10-28,1
2022-11-01,1
2022-11-03,1
2022-11-07,1
2022-11-09,1
2022-11-11,1
2022-11-15,1
2022-11-17,1
2022-11-21,1
2022-11-23,1
2022-11-28,1
2022-11-30,1
2022-12-02,1
2022-12-06,1
2022-12-08,1
2022-12-12,1
2022-12-14,1
2022-12-16,1
2022-12-20,1
2022-12-22,1
2022-12-27,1
2022-12-29,1
2023-01-03,1
2023-01-05,1
2023-01-09,1
2023-01-11,1
2023-01-13,1
2023-01-18,1
2023-01-20,1
2023-01-24,1
2023-01-26,1
2023-01-30,1
2023-02-01,1
2023-02-03,1
2023-02-07,1
2023-02-09,1
2023-02-13,1
2023-02-15,1
2023-02-17,1
2023-02-22,1
2023-02-24,1
2023-02-28,1
2023-03-02,1
2023-03-06,1
2023-03-08,1
2023-03-10,1
2023-03-14,1
2023-03-16,1
2023-03-20,1
2023-03-22,1
2023-03-24,1
2023-03-28,1
2023-03-30,1
2023-04-03,1
2023-04-05,1
2023-04-10,1
2023-04-12,1
2023-04-14,1
2023-04-18,1
2023-04-20,1
2023-04-24,1
2023-04-26,1
2023-04-28,1
2023-05-02,1
2023-05-04,1
2023-05-08,1
2023-05-10,1
2023-05-12,1
2023-05-16,1
2023-05-18,1
2023-05-22,1
2023-05-24,1
2023-05-26,1
2023-05-31,1
2023-06-02,1
2023-06-06,1
2023-06-08,1
2023-06-12,1
2023-06-14,1
2023-06-16,1
2023-06-21,1
2023-06-23,1
2023-06-27,1
2023-06-29,1
2023-07-03,1
2023-07-06,1
2023-07-10,1
2023-07-12,1
2023-07-14,1
2023-07-18,1
2023-07-20,1
2023-07-24,1
2023-07-26,1
2023-07-28,1
2023-08-01,1
2023-08-03,1
2023-08-07,1
2023-08-09,1
2023-08-11,1
2023-08-15,1
2023-08-17,1
2023-08-21,1
2023-08-23,2
2023-08-25,2
2023-08-29,2
2023-08-31,1
2023-09-05,2
2023-09-07,2
2023-09-11,2
2023-09-13,2
2023-09-15,2
2023-09-19,2
2023-09-21,2
2023-09-25,2
2023-09-27,2
2023-09-29,1
2023-10-03,2
2023-10-05,1
2023-10-09,1
2023-10-11,1
2023-10-13,1
2023-10-17,1
2023-10-19,1
2023-10-23,1
2023-10-25,1
2023-10-27,1
2023-10-31,2
2023-11-02,3
2023-11-06,1
2023-11-08,1
2023-11-10,1
2023-11-14,1
2023-11-16,1
2023-11-20,1
2023-11-22,1
2023-11-27,1
2023-11-29,3
2023-12-01,1
2023-12-05,1
2023-12-07,1
2023-12-11,1
2023-12-13,1
2023-12-15,1
2023-12-19,1
2023-12-21,1
2023-12-26,1
2023-12-28,1
2024-01-02,1
2024-01-04,1
2024-01-08,1
2024-01-10,1
2024-01-12,1
2024-01-17,1
2024-01-19,1
2024-01-23,1
2024-01-25,1
2024-01-29,1
2024-01-31,1
2024-02-02,1
2024-02-06,1
2024-02-08,1
2024-02-12,1
2024-02-14,1
2024-02-16,1
2024-02-21,1
2024-02-23,2
2024-02-27,1
2024-02-29,1
2024-03-04,1
2024-03-06,1
2024-03-08,1
2024-03-12,1
2024-03-14,1
2024-03-18,1
2024-03-20,1
2024-03-22,1
2024-03-26,1
2024-03-28,1
2024-04-02,1
2024-04-04,1
2024-04-08,1
2024-04-10,1
2024-04-12,1
2024-04-16,1
2024-04-18,1
2024-04-22,1
2024-04-24,1
2024-04-26,1
2024-04-30,1
2024-05-02,1
2024-05-06,1
2024-05-08,1
2024-05-10,1
2024-05-14,2
2024-05-16,2
2024-05-20,1
2024-05-22,1
2024-05-24,1
2024-05-29,1
2024-05-31,1
2024-06-04,1
2024-06-06,1
2024-06-10,1
2024-06-12,1
2024-06-14,1
2024-06-18,1
2024-06-21,1
2024-06-25,1
2024-06-27,1
2024-07-01,1
2024-07-03,1
2024-07-08,1
2024-07-10,1
2024-07-12,1
2024-07-16,1
2024-07-18,1
2024-07-22,1
2024-07-24,2
2024-07-26,1
2024-07-30,1
2024-08-01,1
2024-08-05,2
2024-08-07,1
2024-08-09,1
2024-08-13,1
2024-08-15,1
2024-08-19,1
2024-08-21,1
2024-08-23,1
2024-08-27,1
2024-08-29,1
2024-09-03,1
2024-09-05,1
2024-09-09,1
2024-09-11,1
2024-09-13,1
2024-09-17,2
2024-09-19,1
2024-09-23,1
2024-09-25,1
2024-09-27,1
2024-10-01,1
2024-10-03,1
2024-10-07,1
2024-10-09,1
2024-10-11,1
2024-10-15,1
2024-10-17,1
2024-10-21,1
2024-10-23,1
2024-10-25,1
2024-10-29,1
2024-10-31,1
2024-11-04,1
2024-11-06,1
2024-11-08,1
2024-11-12,1
2024-11-14,2
2024-11-18,2
2024-11-20,2
2024-11-22,2
2024-11-26,2
2024-11-29,2
2024-12-03,2
2024-12-05,2
2024-12-09,2
2024-12-11,2
2024-12-13,2
2024-12-17,2
2024-12-19,2
2024-12-23,2
2024-12-26,2
2024-12-30,2
2025-01-02,2
2025-01-06,2
2025-01-08,2
2025-01-13,2
2025-01-15,2
2025-01-17,2
2025-01-22,2
2025-01-24,2
2025-01-28,2
2025-01-30,2
2025-02-03,2
2025-02-05,2
2025-02-07,2
2025-02-11,2
2025-02-13,2
2025-02-18,2
2025-02-20,2
2025-02-24,2
2025-02-26,2
2025-02-28,2
2025-03-04,2
2025-03-06,2
2025-03-10,1
2025-03-12,2
2025-03-14,2
2025-03-18,2
2025-03-20,2
2025-03-24,2
2025-03-26,2
2025-03-28,2
2025-04-01,2
2025-04-03,1
2025-04-07,1
2025-04-09,1
2025-04-11,1
2025-04-15,1
2025-04-17,1
2025-04-22,1
2025-04-24,2
2025-04-28,1
2025-04-30,2
2025-05-02,1
2025-05-06,1
2025-05-08,1
2025-05-12,1
2025-05-14,1
2025-05-16,1
2025-05-20,1
2025-05-22,1
2025-05-27,1
2025-05-29,1
2025-06-02,1
2025-06-04,1
2025-06-06,1
2025-06-10,1
2025-06-12,1
2025-06-16,1
2025-06-18,1
2025-06-23,1
2025-06-25,1
2025-06-27,1
2025-07-01,1
2025-07-03,1
2025-07-08,1
2025-07-10,1
2025-07-14,1
2025-07-16,1
2025-07-18,1
2025-07-22,1
2025-07-24,1
2025-07-28,1
2025-07-30,1
2025-08-01,1
2025-08-05,1
2025-08-07,1
2025-08-11,1
2025-08-13,1
2025-08-15,1
2025-08-19,1
2025-08-21,1
2025-08-25,1
2025-08-27,1
2025-08-29,1
2025-09-03,1
2025-09-05,1
2025-09-09,1
2025-09-11,2
2025-09-15,1
2025-09-17,2
2025-09-19,2
2025-09-23,2
2025-09-25,1
2025-09-29,2
2025-10-01,1
2025-10-03,2
2025-10-07,2
2025-10-09,2
2025-10-13,2
2025-10-15,2
2025-10-17,1
2025-10-21,1
2025-10-23,2
2025-10-27,2
2025-10-29,2
2025-10-31,1
2025-11-04,1
2025-11-06,1
2025-11-10,1
2025-11-12,1
2025-11-14,1
2025-11-18,1
2025-11-20,1
2025-11-24,1
2025-11-26,1
2025-12-01,1
2025-12-03,1
2025-12-05,3
2025-12-09,3
2025-12-11,1
2025-12-15,1
2025-12-17,1
2025-12-19,1
2025-12-23,1
2025-12-26,1
2025-12-30,1
2026-01-02,1
2026-01-06,1
2026-01-08,1
2026-01-12,1
2026-01-14,1
2026-01-16,1
2026-01-21,1
2026-01-23,1
2026-01-27,3
2026-01-29,3
2026-02-02,2
2026-02-04,3
2026-02-06,2
2026-02-10,2
2026-02-12,2
2026-02-17,2
2026-02-19,2
2026-02-23,2
2026-02-25,2
2026-02-27,3
2026-03-03,2
2026-03-05,2
2026-03-09,2
2026-03-11,2
2026-03-13,2
2026-03-17,2
2026-03-19,2
2026-03-23,2
2026-03-25,2
2026-03-27,2
2026-03-31,2
2026-04-02,2
2026-04-07,2
2026-04-09,2
2026-04-13,2
2026-04-15,2
2026-04-17,2
2026-04-21,2
2026-04-23,2
2026-04-27,2
2026-04-29,2
2026-05-01,2
2026-05-05,2
2026-05-07,2
2026-05-11,2
2026-05-13,2
2026-05-15,2
2026-05-19,2
2026-05-21,2
2026-05-26,2
2026-05-28,2
2026-06-01,2
2026-06-03,2
2026-06-05,2
2026-06-09,2
2026-06-11,2
2026-06-15,2
2026-06-17,2
2026-06-22,2
2026-06-24,2
2026-06-26,2
2026-06-30,2
